// NOLINTBEGIN

/* Auto-generated test data */
unsigned char data[] = {
    0xE8, 0x33, 0x80, 0x0B, 0x1E, 0x2B, 0xBC, 0x32, 0xBF, 0xAC, 0xD9, 0x46,
    0x1E, 0x1B, 0x96, 0x85, 0xA9, 0x5A, 0xA3, 0x2C, 0x7B, 0xBC, 0xA7, 0x50,
    0x9A, 0xA9, 0xA1, 0xF9, 0x73, 0x5B, 0x5C, 0xB9, 0xBB, 0x37, 0x4C, 0x8E,
    0x1C, 0xDB, 0x90, 0x85, 0x06, 0x78, 0x8C, 0x06, 0x9A, 0x9A, 0xAE, 0x55,
    0x35, 0xB0, 0x1B, 0xF2, 0xAC, 0xE1, 0x4D, 0xF8, 0x5B, 0x98, 0xC4, 0xDB,
    0x46, 0x6F, 0x02, 0x31, 0xC1, 0x4C, 0x4F, 0x5E, 0x00, 0x98, 0x02, 0x7E,
    0xB1, 0xCD, 0x65, 0x12, 0xF1, 0x48, 0x90, 0xA7, 0xC5, 0xA9, 0x24, 0x7C,
    0xBF, 0xF8, 0x28, 0xFC, 0xD6, 0xDF, 0xEA, 0x29, 0xED, 0x77, 0x48, 0x66,
    0xB5, 0x7F, 0x5C, 0x5D, 0x2F, 0x7A, 0x87, 0x36, 0xA7, 0x1F, 0x81, 0xBC,
    0xF2, 0xAD, 0xA1, 0x6B, 0x6E, 0x59, 0xF7, 0x8E, 0xB3, 0xD3, 0xBE, 0xC5,
    0x55, 0xF6, 0xE2, 0xEC, 0xDB, 0xF0, 0x13, 0x86, 0xDF, 0xC4, 0x63, 0x74,
    0xFD, 0x52, 0x71, 0x28, 0x4D, 0xA0, 0x05, 0xE6, 0x24, 0x5F, 0xB5, 0x28,
    0x49, 0xFC, 0xC5, 0x22, 0xD3, 0x3A, 0xD0, 0x9C, 0xFF, 0xB8, 0xBF, 0x87,
    0x28, 0x80, 0xBC, 0x18, 0x70, 0x7D, 0xF4, 0x02, 0x65, 0x19, 0x85, 0xF9,
    0x26, 0x1C, 0xFF, 0xDE, 0x15, 0xBC, 0xC4, 0x6F, 0x8F, 0x9B, 0xF1, 0x87,
    0xBA, 0x12, 0xD2, 0xEB, 0x7B, 0x8C, 0x8D, 0x7C, 0x19, 0x17, 0x34, 0x01,
    0x85, 0x1C, 0x86, 0x8C, 0x9D, 0xCC, 0xE1, 0x8E, 0x58, 0x60, 0x6C, 0x3E,
    0x23, 0x5B, 0x03, 0xBA, 0xEF, 0xDB, 0xC3, 0x3C, 0xFA, 0xFD, 0x8C, 0x45,
    0x24, 0x9D, 0xA8, 0x4A, 0x35, 0x55, 0xED, 0xC9, 0x88, 0x4B, 0x99, 0xA8,
    0x22, 0x00, 0xAC, 0x10, 0x2E, 0x2B, 0x78, 0x0C, 0xDF, 0xAE, 0x8A, 0xF7,
    0x54, 0x5B, 0x04, 0xD8, 0x68, 0x53, 0x2B, 0xF7, 0x62, 0xAE, 0xA4, 0x89,
    0xCB, 0x49, 0x49, 0xC0, 0xF3, 0xDC, 0x04, 0x95, 0xA1, 0x7A, 0x0B, 0x22,
    0xB6, 0xC9, 0xB5, 0xE7, 0x22, 0x6C, 0xE6, 0xB8, 0x8A, 0x2E, 0xAA, 0xE5,
    0xD0, 0xF3, 0xE7, 0x82, 0x8F, 0xC6, 0x99, 0x94, 0x28, 0xE2, 0x25, 0xE7,
    0xB7, 0x97, 0x56, 0x16, 0xF6, 0x15, 0xFE, 0x2C, 0x35, 0x3F, 0x13, 0xDE,
    0x85, 0xFD, 0x0F, 0x96, 0x37, 0xB6, 0x71, 0x00, 0x9D, 0x64, 0xC4, 0x28,
    0x7F, 0xF8, 0xAC, 0xD0, 0x75, 0x27, 0x55, 0x00, 0xD8, 0x8C, 0xCF, 0x27,
    0xFE, 0x73, 0x35, 0x38, 0x23, 0x00, 0xE3, 0x78, 0x50, 0x8B, 0x3C, 0x1E,
    0xE9, 0xE3, 0x4A, 0x10, 0x7E, 0xCB, 0x3B, 0xBB, 0x83, 0xB9, 0xF3, 0x28,
    0xAB, 0xCC, 0xAE, 0xF1, 0xD9, 0x7C, 0x17, 0x8A, 0xA3, 0x91, 0xD8, 0xE9,
    0xA0, 0x8C, 0xE2, 0x0B, 0x46, 0x78, 0x5F, 0xA5, 0xF4, 0x90, 0x2C, 0x8B,
    0x8C, 0x24, 0xD2, 0xD9, 0xC9, 0xD2, 0xE6, 0xF1, 0xEF, 0x17, 0xAE, 0xE7,
    0x52, 0xD2, 0xF4, 0xC1, 0xAE, 0xC8, 0x64, 0x1B, 0x4A, 0x29, 0x3F, 0x35,
    0xC5, 0xC2, 0x78, 0xC4, 0xC6, 0xC8, 0x53, 0x22, 0x5C, 0x7E, 0x6F, 0x34,
    0xA2, 0xD4, 0xAF, 0x64, 0x7E, 0x2C, 0xA1, 0x4A, 0xF3, 0xE9, 0x11, 0x2A,
    0x8F, 0x4F, 0x31, 0xE7, 0xD1, 0x9A, 0xFF, 0x28, 0xB7, 0x48, 0x36, 0xFC,
    0x77, 0xF4, 0x47, 0x6E, 0x5C, 0x37, 0xBA, 0xB7, 0x81, 0x81, 0x71, 0x05,
    0x4B, 0x08, 0xA7, 0x4C, 0x09, 0xDC, 0xFD, 0x50, 0x13, 0xD3, 0xDD, 0x55,
    0x23, 0x30, 0xFB, 0x92, 0x8A, 0x71, 0xC5, 0x7F, 0xCD, 0xFF, 0x5C, 0xCE,
    0x4D, 0x57, 0x4B, 0x28, 0x9A, 0xAD, 0x17, 0xB4, 0x1E, 0x59, 0xBB, 0x4B,
    0x9E, 0xC8, 0x4D, 0xD8, 0x56, 0x6C, 0x33, 0x30, 0x8D, 0x2A, 0xD9, 0x57,
    0x94, 0x2B, 0x71, 0x86, 0x75, 0x70, 0x6D, 0xB2, 0xF0, 0xCF, 0xE7, 0x58,
    0xC4, 0x8A, 0x0B, 0x1E, 0x0B, 0xAE, 0x21, 0xC2, 0x95, 0x48, 0xE9, 0x07,
    0x89, 0x8B, 0x1C, 0x59, 0x2A, 0xA0, 0xA1, 0xA1, 0x14, 0x51, 0x9F, 0x8A,
    0x22, 0x1E, 0xFD, 0x56, 0x44, 0xEA, 0xE4, 0xBD, 0x4D, 0x82, 0x39, 0xEB,
    0x9E, 0x68, 0x0B, 0x49, 0x76, 0x23, 0x0F, 0xA2, 0x9B, 0x66, 0xDC, 0xAE,
    0xD7, 0xFE, 0x7A, 0x9B, 0xC3, 0x4D, 0x61, 0xF0, 0x3B, 0xF8, 0xC8, 0xAE,
    0x9B, 0x7F, 0xAD, 0xB4, 0xBD, 0xDC, 0x1F, 0xA8, 0x37, 0x81, 0x09, 0xEC,
    0x8E, 0x5B, 0xAF, 0x31, 0x49, 0x50, 0x6D, 0x64, 0x53, 0x06, 0xD0, 0x42,
    0x71, 0xDD, 0xCA, 0x4E, 0x8F, 0xF1, 0x32, 0x21, 0xB0, 0xD3, 0x23, 0xCF,
    0x03, 0x34, 0x85, 0x25, 0x9B, 0x03, 0x97, 0x6C, 0xB8, 0xF8, 0x3C, 0xF7,
    0xF5, 0x47, 0x46, 0x2D, 0x67, 0x5F, 0x02, 0x9D, 0xAC, 0x6B, 0x52, 0x57,
    0xB0, 0xBE, 0xCC, 0x49, 0x16, 0x07, 0x07, 0xCB, 0x63, 0x5F, 0xA3, 0xB8,
    0x2F, 0x07, 0xD9, 0x0F, 0xA8, 0x1D, 0x56, 0x3F, 0x2A, 0xEE, 0xBD, 0xE9,
    0xF6, 0xEB, 0xA4, 0x04, 0x2C, 0xDF, 0x58, 0xBA, 0x2A, 0x83, 0xFE, 0xCC,
    0xCB, 0x0B, 0xEF, 0xA8, 0x41, 0x7A, 0x21, 0xC3, 0xFC, 0x2E, 0x80, 0xFD,
    0x77, 0x66, 0x49, 0x94, 0xC6, 0x49, 0x1A, 0xCF, 0xC2, 0x25, 0x4E, 0x38,
    0x0C, 0x70, 0x15, 0x6B, 0x77, 0x30, 0xE3, 0x91, 0x61, 0x24, 0xF6, 0x4F,
    0xC9, 0x70, 0xD3, 0xB8, 0x2F, 0x6B, 0xDB, 0xE1, 0x1A, 0xC3, 0x9D, 0x40,
    0xE3, 0xD9, 0x32, 0x26, 0x7C, 0xCC, 0xC0, 0x01, 0xC2, 0x15, 0x7B, 0xDE,
    0x4B, 0xEA, 0x13, 0xEF, 0xA3, 0x05, 0xEF, 0x24, 0x94, 0xEB, 0x8B, 0xD2,
    0xA9, 0x59, 0xFE, 0xEE, 0x08, 0x0F, 0x3E, 0x57, 0x37, 0x09, 0xCF, 0x57,
    0xE8, 0x51, 0xD4, 0x09, 0xF9, 0x68, 0x86, 0xB9, 0x82, 0xC3, 0x1E, 0x87,
    0xDE, 0xDC, 0xE9, 0xD2, 0x54, 0x28, 0x53, 0x74, 0x5A, 0x96, 0x11, 0x6B,
    0x25, 0x49, 0x49, 0x24, 0x26, 0xBA, 0xCE, 0x0A, 0x0A, 0x7D, 0xDE, 0xD9,
    0x9E, 0x08, 0xD1, 0x9F, 0xA9, 0x6E, 0x2F, 0xD5, 0xF5, 0x3D, 0x08, 0x44,
    0x96, 0x49, 0x24, 0x82, 0x06, 0x35, 0x25, 0xC8, 0x88, 0x45, 0x37, 0xE8,
    0x10, 0xC1, 0x24, 0x65, 0x93, 0x96, 0x60, 0x2F, 0x63, 0x52, 0x1E, 0x60,
    0x46, 0xF7, 0x52, 0x5B, 0xED, 0x4B, 0xB9, 0xD4, 0x4C, 0x1C, 0xB8, 0x74,
    0x28, 0x08, 0x6D, 0xF0, 0x40, 0xC8, 0x74, 0xC0, 0xB3, 0x07, 0x78, 0x6F,
    0xC7, 0x07, 0x56, 0xF5, 0xE1, 0x70, 0x07, 0x7B, 0xBC, 0x90, 0x5E, 0x3B,
    0x68, 0x1E, 0x26, 0x3B, 0xF7, 0xF6, 0x44, 0x62, 0x51, 0x4F, 0x29, 0x7F,
    0x9A, 0x8A, 0xAA, 0x67, 0x9E, 0x97, 0xB6, 0xDF, 0xB9, 0x0B, 0x10, 0x75,
    0xB8, 0xFD, 0xA8, 0xB6, 0xEC, 0x49, 0x6B, 0x9F, 0xC8, 0x21, 0xD1, 0x51,
    0x85, 0x00, 0xD6, 0xEC, 0xE1, 0xE2, 0x65, 0x9F, 0x85, 0x1F, 0x67, 0xC4,
    0xB3, 0xCB, 0x8F, 0x81, 0x04, 0xAA, 0x4A, 0xF5, 0x9E, 0x32, 0xE9, 0xC7,
    0xF0, 0xA0, 0x97, 0xAC, 0x1C, 0x7C, 0x20, 0xCE, 0xCA, 0x02, 0xCF, 0xA2,
    0xD4, 0x77, 0x7E, 0x4A, 0xA6, 0x47, 0xFB, 0x6F, 0x79, 0x1D, 0xEF, 0x73,
    0x5E, 0x07, 0x49, 0xC4, 0x32, 0xEE, 0x35, 0x08, 0xD6, 0x82, 0x0A, 0xE4,
    0x76, 0x28, 0x50, 0x15, 0x23, 0x90, 0x99, 0xF6, 0xA2, 0x72, 0x90, 0x00,
    0xFD, 0x32, 0x6D, 0xC7, 0xFF, 0xD8, 0x85, 0x43, 0xFE, 0xC0, 0xF7, 0xE4,
    0x3A, 0x10, 0x93, 0xE2, 0x92, 0x26, 0x59, 0xAC, 0x91, 0x03, 0x52, 0xFC,
    0xAB, 0x87, 0x0C, 0xCB, 0x8C, 0x0B, 0x42, 0x12, 0x5A, 0x86, 0x42, 0xB8,
    0xDB, 0xE0, 0x93, 0x60, 0x60, 0x39, 0x52, 0x81, 0x9E, 0x1E, 0x6D, 0xEA,
    0xEE, 0x70, 0xF9, 0x08, 0x6B, 0x6E, 0x2B, 0x1A, 0xB3, 0x10, 0x87, 0xF8,
    0xD1, 0xBC, 0xF7, 0x00, 0x2B, 0x9D, 0xF0, 0x33, 0x2C, 0xA3, 0xCD, 0x44,
    0x96, 0x2A, 0x6E, 0x83, 0x69, 0xF0, 0x7F, 0xC2, 0x35, 0x4D, 0xAF, 0xB1,
    0xF5, 0x7D, 0xCF, 0x46, 0x3D, 0xB6, 0x80, 0xAC, 0x18, 0xA9, 0xA1, 0xA7,
    0xC1, 0x08, 0x91, 0x84, 0x73, 0x24, 0xBB, 0xB9, 0x35, 0x6D, 0x21, 0x30,
    0x5F, 0xA5, 0x9A, 0x3C, 0x87, 0xF2, 0xE3, 0xF0, 0xBA, 0xF3, 0x02, 0x49,
    0xE8, 0xF9, 0x86, 0x0E, 0x0D, 0xAC, 0xC9, 0x05, 0x82, 0xA2, 0x22, 0x16,
    0xA9, 0xE7, 0xEF, 0x05, 0x6D, 0x9E, 0x44, 0xA0, 0xFB, 0x87, 0x7F, 0x51,
    0xC7, 0xFB, 0x5F, 0x08, 0x1E, 0x93, 0x64, 0xBD, 0x65, 0x18, 0x90, 0xA5,
    0xA6, 0x7D, 0x40, 0x05, 0x32, 0x0A, 0xFD, 0x02, 0xC1, 0xBF, 0xEE, 0x29,
    0x08, 0x98, 0xC1, 0x44, 0x88, 0x7B, 0xBE, 0xB7, 0xE1, 0x2C, 0x7F, 0x97,
    0x3D, 0xE5, 0xC4, 0x5E, 0x2E, 0x3E, 0xCC, 0x46, 0x3B, 0x67, 0x76, 0x8E,
    0x6B, 0x06, 0xFF, 0xF5, 0xAE, 0xD6, 0x10, 0x4C, 0xE8, 0x97, 0xB7, 0x97,
    0x92, 0xC4, 0xEA, 0x39, 0xF4, 0xE2, 0xFD, 0x3D, 0xDF, 0xED, 0xA1, 0xDC,
    0x1E, 0xA6, 0x55, 0xD1, 0x49, 0x76, 0x8E, 0xFB, 0xA1, 0xF5, 0xDC, 0x70,
    0x09, 0x83, 0xBD, 0xD8, 0x0D, 0xEB, 0xEF, 0x9C, 0xDA, 0xBE, 0x13, 0x9A,
    0x2F, 0x9D, 0xA3, 0x10, 0xD1, 0x1A, 0x11, 0xCC, 0x03, 0xD2, 0x5F, 0x20,
    0xA9, 0x7E, 0x78, 0xD2, 0x85, 0x09, 0xFF, 0xD1, 0x99, 0xF1, 0x98, 0xA5,
    0x9E, 0x33, 0x8B, 0x39, 0xAB, 0xEB, 0x38, 0xA4, 0x6C, 0xD1, 0xCD, 0x97,
    0x8B, 0xF6, 0xC4, 0x53, 0x85, 0x90, 0x69, 0x50, 0x53, 0xEB, 0xDB, 0x8F,
    0xA6, 0xE4, 0x91, 0x53, 0x13, 0x35, 0x6E, 0x9F, 0x51, 0xF3, 0x06, 0xBE,
    0xCB, 0x54, 0x97, 0x6D, 0x03, 0x20, 0xE0, 0xB5, 0xA9, 0xC8, 0xD8, 0x50,
    0xB6, 0x02, 0xF9, 0xEE, 0xED, 0x13, 0x64, 0xC7, 0x11, 0x57, 0xA8, 0x83,
    0xA0, 0x60, 0x4C, 0x9E, 0x9A, 0x4B, 0x1B, 0xC1, 0x51, 0x0C, 0x41, 0xFC,
    0x70, 0x59, 0x96, 0x21, 0xC5, 0x14, 0xC3, 0x67, 0xEE, 0x0D, 0xA1, 0x7B,
    0xFE, 0x77, 0x02, 0x45, 0x7D, 0xC2, 0x24, 0x90, 0xC3, 0x01, 0x74, 0x0C,
    0xE0, 0xE1, 0x30, 0x28, 0x22, 0xB1, 0xD1, 0x28, 0x06, 0x84, 0x9D, 0xF6,
    0x7B, 0xBA, 0xF6, 0x82, 0xAD, 0x7A, 0x71, 0x95, 0x8E, 0xBC, 0x76, 0x29,
    0x9B, 0x38, 0xF3, 0x4C, 0xD2, 0xF6, 0xAF, 0xAE, 0x17, 0xC5, 0xBB, 0x5B,
    0xEC, 0x36, 0xCA, 0xF4, 0xCA, 0x82, 0x06, 0x54, 0x1A, 0x40, 0x9F, 0x36,
    0xA1, 0xD5, 0x20, 0xA9, 0x53, 0x37, 0x3A, 0x0B, 0x73, 0x52, 0xB0, 0x60,
    0x7A, 0x53, 0x2E, 0xCD, 0x60, 0x0A, 0x2C, 0xD6, 0xC9, 0x32, 0xB9, 0x15,
    0x61, 0xCA, 0xD6, 0xAB, 0x49, 0xD9, 0x82, 0x74, 0x65, 0xF4, 0x0D, 0xC8,
    0xE9, 0x8A, 0xA6, 0x40, 0x92, 0x96, 0xA4, 0xC1, 0xAE, 0x26, 0x19, 0x85,
    0x63, 0x0D, 0xE7, 0xAE, 0x50, 0xE1, 0xC9, 0x6B, 0x88, 0x18, 0x21, 0xDF,
    0xEE, 0x3E, 0xD6, 0x10, 0x15, 0x59, 0x85, 0x46, 0xA4, 0x9C, 0x2B, 0x12,
    0x3F, 0x6D, 0xE7, 0x85, 0x2F, 0x31, 0xD2, 0xA4, 0x33, 0xB5, 0x8B, 0x38,
    0x4E, 0xC1, 0x34, 0x37, 0x49, 0x6B, 0x59, 0x9D, 0xC7, 0x34, 0x8F, 0x3E,
    0x30, 0xA0, 0xD1, 0x7E, 0x81, 0x6F, 0x4B, 0x17, 0x9F, 0xDB, 0x68, 0x27,
    0xD7, 0xFD, 0x12, 0x73, 0x5E, 0x0A, 0x14, 0x9A, 0x10, 0x05, 0x45, 0xA0,
    0x2D, 0xF5, 0x1B, 0x43, 0x0E, 0x4B, 0x9A, 0xFA, 0x14, 0x1D, 0xCC, 0xAE,
    0xBD, 0x9A, 0x81, 0x5E, 0x40, 0x1F, 0x17, 0xE2, 0x62, 0x74, 0x50, 0x82,
    0xF0, 0xD9, 0x2C, 0x41, 0xC6, 0xB2, 0x45, 0x32, 0xEB, 0xA3, 0xB3, 0xAD,
    0xBB, 0xA2, 0x92, 0x62, 0xE4, 0x1C, 0x5C, 0x7A, 0x00, 0xBA, 0x21, 0x5A,
    0x66, 0xCC, 0xA4, 0xB1, 0x3A, 0xC3, 0x85, 0x75, 0x6D, 0x3F, 0x1B, 0x6C,
    0xDC, 0x50, 0x01, 0x6D, 0x8D, 0x17, 0xD4, 0x9E, 0x3E, 0x9E, 0xE5, 0x6E,
    0x08, 0xCF, 0x27, 0xE0, 0x4E, 0x2E, 0x1D, 0xA1, 0x32, 0x1A, 0x99, 0x6B,
    0x1C, 0x44, 0x66, 0x2E, 0xC6, 0x3F, 0x9D, 0x41, 0xD7, 0x66, 0xD2, 0x3C,
    0xF6, 0x1D, 0x88, 0x6F, 0x95, 0x63, 0x78, 0xFE, 0x9F, 0xF1, 0xF7, 0xEC,
    0x70, 0x89, 0x3D, 0xE2, 0xB6, 0x2D, 0x49, 0x79, 0xB0, 0xA0, 0x13, 0xAE,
    0x7E, 0x38, 0x0A, 0x9C, 0x08, 0x5E, 0x5C, 0x0E, 0x03, 0xB7, 0xAA, 0xA9,
    0xB2, 0x86, 0xFF, 0x16, 0x03, 0x18, 0xAE, 0xFF, 0xE3, 0x91, 0x3E, 0xB5,
    0xFB, 0xA8, 0xC3, 0x8B, 0xE7, 0xFF, 0x38, 0xB0, 0xB0, 0xEA, 0xEB, 0x02,
    0xF7, 0xD0, 0xA0, 0xE0, 0x37, 0x25, 0x67, 0xA4, 0x2B, 0xB2, 0x9E, 0x96,
    0x1A, 0x01, 0x06, 0xA0, 0x17, 0xB9, 0x56, 0x02, 0x7E, 0xF7, 0xDC, 0xB4,
    0xF3, 0x78, 0x98, 0x3D, 0xD1, 0x08, 0x62, 0x57, 0xF1, 0x47, 0x1B, 0x8D,
    0x93, 0xF8, 0x57, 0xAB, 0xB2, 0x0C, 0x66, 0x06, 0x08, 0xEA, 0xD0, 0xF6,
    0xE2, 0xC6, 0x05, 0x72, 0x18, 0x90, 0xC9, 0xFF, 0x3C, 0x3F, 0x2C, 0x3C,
    0xB0, 0xC8, 0x12, 0x07, 0x68, 0x70, 0xDE, 0x94, 0x43, 0xAC, 0x3E, 0x0F,
    0x6E, 0xFA, 0xF0, 0x02, 0x06, 0x16, 0xD5, 0x46, 0xA6, 0x9A, 0x57, 0xBF,
    0xC1, 0x10, 0xC1, 0x41, 0xE2, 0xFD, 0x8C, 0xC8, 0xE3, 0x9D, 0x7A, 0xBD,
    0xD8, 0x4F, 0xC2, 0xBF, 0x71, 0xE4, 0x0C, 0x39, 0x85, 0x21, 0xBB, 0x75,
    0xCC, 0x50, 0xAB, 0x34, 0x3A, 0x4E, 0x35, 0x6F, 0x89, 0xAD, 0x53, 0x8E,
    0xD5, 0xC4, 0xC0, 0x24, 0x5A, 0x94, 0xEB, 0x96, 0x0C, 0x60, 0xC4, 0x0D,
    0x58, 0x0C, 0xBA, 0x94, 0xFA, 0x7E, 0x44, 0x5F, 0x99, 0x8A, 0xFB, 0xDE,
    0x57, 0x4F, 0x31, 0x4D, 0xCC, 0xA7, 0x02, 0x29, 0x70, 0xB4, 0x5E, 0xF5,
    0x9E, 0xF5, 0x86, 0xBB, 0x45, 0x32, 0x53, 0x9F, 0xF3, 0x5D, 0xBB, 0xA7,
    0x5A, 0x53, 0xA4, 0x37, 0x8C, 0xB1, 0x11, 0x7D, 0xE6, 0xA2, 0x96, 0x9E,
    0x0A, 0xBC, 0x66, 0xF6, 0x45, 0x44, 0x8E, 0x36, 0xDC, 0x2F, 0x08, 0x91,
    0x2E, 0x5D, 0x63, 0xAD, 0xFE, 0xBB, 0x31, 0x79, 0xAD, 0x28, 0x99, 0xE2,
    0xDB, 0x82, 0xDF, 0xF3, 0xCD, 0xB3, 0x56, 0x1B, 0x8B, 0x0A, 0xF9, 0x27,
    0xEA, 0x0B, 0x37, 0x5F, 0x6D, 0x78, 0x4C, 0x63, 0x00, 0x0C, 0x8E, 0x27,
    0x39, 0xE1, 0xE9, 0x60, 0x56, 0xF1, 0x73, 0xEC, 0x1B, 0xE2, 0x6F, 0x15,
    0xD9, 0x48, 0x78, 0x60, 0x2B, 0xFB, 0x96, 0x99, 0xE9, 0x49, 0xDA, 0xE4,
    0x04, 0xD7, 0x74, 0x23, 0x43, 0xDA, 0xA5, 0xE8, 0xCE, 0xD3, 0x67, 0xA3,
    0x43, 0xD2, 0xA7, 0xD4, 0x92, 0x49, 0x99, 0x9B, 0xF3, 0x50, 0x55, 0x78,
    0x9E, 0x42, 0x37, 0xE5, 0x40, 0x0E, 0x7A, 0x34, 0x92, 0x6E, 0xF3, 0xE3,
    0xCB, 0x55, 0x1E, 0x9D, 0x5C, 0x65, 0x67, 0x31, 0xB2, 0x5A, 0x4C, 0x46,
    0xA2, 0x69, 0xD8, 0x59, 0x9F, 0xFC, 0x5C, 0x4C, 0x05, 0xF5, 0xBC, 0xD6,
    0x66, 0x3F, 0x84, 0xDA, 0xC1, 0x98, 0x4C, 0x88, 0x9B, 0x4D, 0x31, 0xFE,
    0x79, 0xC6, 0xA9, 0x15, 0x48, 0xB6, 0x45, 0x80, 0x55, 0x8E, 0xD8, 0xF2,
    0xB0, 0x07, 0x61, 0x6A, 0xCD, 0x0E, 0x85, 0xC3, 0x70, 0x75, 0x4E, 0x35,
    0x1E, 0x72, 0x8D, 0xD1, 0xFC, 0xA7, 0x54, 0xCA, 0xD0, 0xC6, 0x99, 0xA3,
    0xF4, 0xEA, 0x6D, 0xA8, 0x3E, 0xA2, 0x8E, 0x18, 0xFE, 0xA5, 0x0F, 0x0C,
    0xAE, 0xF6, 0x65, 0xBC, 0x83, 0x18, 0x68, 0x5F, 0xCE, 0x7D, 0x03, 0x64,
    0x82, 0xF2, 0x35, 0x8B, 0x77, 0x0D, 0x91, 0x77, 0x73, 0x0A, 0x72, 0x7F,
    0x03, 0xDA, 0x95, 0x4E, 0x84, 0x18, 0x7C, 0x06, 0x38, 0x76, 0x38, 0x68,
    0x1C, 0xA8, 0x6B, 0x58, 0xC9, 0xD5, 0xBE, 0x13, 0xC8, 0x1A, 0x24, 0x4A,
    0xF3, 0xBA, 0xCD, 0xAB, 0x68, 0x86, 0x12, 0x36, 0x70, 0xB3, 0x61, 0xDE,
    0x64, 0x51, 0x4B, 0x36, 0x9A, 0x16, 0x8D, 0x34, 0xC4, 0x59, 0x51, 0xE7,
    0x0F, 0x31, 0xFB, 0x03, 0xA7, 0x49, 0x4A, 0xFD, 0xFF, 0xEB, 0xF2, 0x19,
    0x73, 0x6C, 0x8B, 0x89, 0x0E, 0x98, 0xEC, 0xDC, 0xC4, 0xE9, 0xC7, 0x0C,
    0xFE, 0xCC, 0xD4, 0xB7, 0x0B, 0xCB, 0xCE, 0x71, 0x9A, 0x19, 0xA5, 0xC7,
    0xF7, 0xBA, 0x89, 0x8B, 0x0C, 0x34, 0x16, 0x8C, 0x71, 0x7E, 0xC7, 0x2B,
    0xE1, 0x33, 0x6E, 0xA2, 0x54, 0xCB, 0x3C, 0xEA, 0x27, 0x77, 0x6B, 0x55,
    0xCF, 0xFE, 0xB3, 0x5E, 0x87, 0xB8, 0xDF, 0x5E, 0xF0, 0x7A, 0x20, 0x77,
    0x73, 0x8D, 0xFC, 0xFC, 0x4C, 0x7C, 0x91, 0xA7, 0xB3, 0xF5, 0x45, 0x68,
    0xE2, 0xCC, 0xBC, 0xA0, 0x7E, 0x36, 0xF7, 0x28, 0x21, 0x91, 0x85, 0x6C,
    0x18, 0x6D, 0x89, 0xF6, 0xDF, 0x89, 0x3A, 0xF5, 0x63, 0x85, 0x17, 0xF5,
    0x26, 0x3F, 0xA3, 0xBE, 0x6B, 0xD0, 0x98, 0xB9, 0x07, 0xA4, 0x94, 0x50,
    0xFC, 0xA7, 0x8C, 0xBB, 0x1E, 0xBB, 0xE4, 0xF0, 0xA8, 0x2E, 0x41, 0xAF,
    0x60, 0x35, 0x14, 0xFB, 0xD4, 0xA6, 0x65, 0xEE, 0x76, 0xD9, 0xAB, 0xC2,
    0x93, 0xE3, 0x7F, 0x47, 0x01, 0x6E, 0xD3, 0x55, 0x93, 0xBC, 0xE2, 0x34,
    0xD2, 0x99, 0xA0, 0xA2, 0x4E, 0xC2, 0xD4, 0xD2, 0xF8, 0xAB, 0x0D, 0x23,
    0x75, 0x5F, 0x07, 0x3E, 0x49, 0x0F, 0xA4, 0x0D, 0x7F, 0x34, 0x8C, 0xEE,
    0x4B, 0xAB, 0xC7, 0x68, 0x63, 0x46, 0x1C, 0x80, 0x69, 0xA6, 0xB2, 0x07,
    0xD9, 0x4F, 0x64, 0xE5, 0x80, 0xDE, 0x43, 0x56, 0x3F, 0xC9, 0xFA, 0x90,
    0x5C, 0x27, 0x61, 0x4F, 0x00, 0x2F, 0xC2, 0xCE, 0xF0, 0xD0, 0xB8, 0xD1,
    0x40, 0xC6, 0x78, 0x0E, 0x61, 0x02, 0x0D, 0x1D, 0xDB, 0x73, 0x1A, 0x92,
    0x2C, 0x20, 0x06, 0xD7, 0xC2, 0x6C, 0xD0, 0x87, 0xDF, 0x35, 0x86, 0x84,
    0xD7, 0x26, 0xA3, 0xA9, 0x98, 0x18, 0x3E, 0xA0, 0xC8, 0x47, 0x69, 0xF7,
    0xE1, 0xBA, 0x7E, 0x06, 0xA3, 0xF0, 0x41, 0xBA, 0x6B, 0xA2, 0x7A, 0x1E,
    0x80, 0x84, 0xD4, 0xC5, 0x21, 0xDD, 0x1B, 0x8E, 0xE9, 0x29, 0xEF, 0x6B,
    0x64, 0xC5, 0xF0, 0xB1, 0x87, 0x81, 0xF4, 0x72, 0xA1, 0xCB, 0x14, 0x3C,
    0x8E, 0x34, 0x75, 0x62, 0x2C, 0xA1, 0xAB, 0xB8, 0xC4, 0xD1, 0x6A, 0xE0,
    0x1B, 0x69, 0x4F, 0x96, 0x55, 0xEC, 0x8E, 0x98, 0x4A, 0xD6, 0xB6, 0x9A,
    0xB6, 0x46, 0xB2, 0x08, 0x43, 0x7D, 0xDD, 0x46, 0x1E, 0x50, 0x1C, 0xD9,
    0xBF, 0xD7, 0x29, 0xE8, 0xEE, 0xE1, 0x3E, 0x40, 0x64, 0x06, 0x41, 0x90,
    0xCB, 0x9D, 0x9E, 0xF0, 0x7F, 0xBD, 0xBF, 0x22, 0x67, 0xE9, 0x07, 0x47,
    0x07, 0xEE, 0x7F, 0x37, 0x87, 0x74, 0x9B, 0xE7, 0x41, 0x06, 0xE2, 0xD3,
    0x93, 0xA1, 0x1F, 0x98, 0xC4, 0xC8, 0x46, 0x4B, 0x44, 0xC7, 0x76, 0x38,
    0xDD, 0x03, 0xD5, 0xAD, 0x3B, 0x6E, 0x3E, 0xA9, 0xD2, 0x5F, 0x9C, 0x42,
    0x30, 0x20, 0x56, 0xC9, 0x0C, 0xF0, 0x27, 0x9A, 0x8F, 0xF3, 0x6D, 0xE5,
    0xA2, 0xFA, 0x68, 0x47, 0x6F, 0x6D, 0x2D, 0x7F, 0x98, 0x25, 0xD8, 0xD0,
    0x98, 0x54, 0xCC, 0xF7, 0xA6, 0x71, 0xBF, 0x71, 0xF7, 0xC0, 0xC9, 0x43,
    0x39, 0x5B, 0xA0, 0xDC, 0x63, 0x92, 0xF7, 0x44, 0x2E, 0xAB, 0x08, 0xEB,
    0x90, 0x97, 0xBF, 0xB9, 0x3E, 0x83, 0xDA, 0xE4, 0xD4, 0x9D, 0x41, 0xAB,
    0x5D, 0x9D, 0xC9, 0xC7, 0x64, 0x80, 0xE6, 0x99, 0x34, 0x5F, 0x55, 0xE8,
    0xA5, 0x89, 0x70, 0x0C, 0xBF, 0xAA, 0xAA, 0x1A, 0xEE, 0xC2, 0x5F, 0x7E,
    0xC4, 0x65, 0x7B, 0x2E, 0x26, 0x08, 0x72, 0xFA, 0x5F, 0x41, 0x67, 0xED,
    0xA5, 0xA2, 0x98, 0x5D, 0x58, 0x49, 0x83, 0xE9, 0xF2, 0xCF, 0x15, 0xB3,
    0x14, 0xEE, 0xC4, 0x45, 0xA7, 0xB0, 0x75, 0x67, 0xE3, 0x27, 0xAA, 0x18,
    0xF1, 0xA5, 0x3B, 0xCB, 0x39, 0xDD, 0xF4, 0x87, 0xDC, 0x7E, 0x16, 0x1F,
    0xCF, 0x8A, 0x1B, 0x38, 0x79, 0xF3, 0x75, 0x13, 0x3A, 0xC4, 0x27, 0x5E,
    0xBC, 0x6A, 0x4B, 0xD1, 0x5F, 0x44, 0x7D, 0x52, 0xC3, 0x51, 0x26, 0x14,
    0xBA, 0x79, 0x55, 0x0C, 0xB5, 0xC3, 0x1A, 0xF5, 0x7D, 0x37, 0x41, 0x68,
    0xB3, 0x3E, 0x8C, 0xD5, 0x14, 0xB0, 0x77, 0x44, 0x9E, 0x7B, 0xD3, 0xC9,
    0x21, 0xAB, 0x4F, 0xC4, 0x7B, 0x2D, 0x6B, 0x4D, 0x1E, 0xD0, 0xF5, 0xB1,
    0x5F, 0x95, 0xF4, 0x56, 0xFA, 0x62, 0xDC, 0xEF, 0x20, 0x03, 0x20, 0xAB,
    0xE0, 0x72, 0xB5, 0x70, 0x79, 0xB0, 0x09, 0xC1, 0x04, 0x41, 0x6D, 0x18,
    0x8D, 0x17, 0x4B, 0xE4, 0xEB, 0x99, 0x72, 0x24, 0x6B, 0x26, 0x01, 0x73,
    0x39, 0xAF, 0x69, 0x09, 0x59, 0x9D, 0x8F, 0x5C, 0x27, 0xAF, 0x74, 0x67,
    0x73, 0x4F, 0x02, 0x4B, 0x3F, 0x9E, 0x53, 0xDE, 0xF7, 0xDC, 0x2D, 0xD3,
    0x6F, 0xD0, 0xE6, 0x6D, 0xEB, 0x47, 0x36, 0x6D, 0x56, 0x57, 0x4F, 0xBB,
    0x9C, 0x59, 0x1C, 0x2A, 0x21, 0x80, 0x06, 0x41, 0x1D, 0x46, 0x73, 0x89,
    0xC4, 0xD1, 0x3E, 0xC6, 0xE8, 0x56, 0x46, 0x46, 0xF3, 0x2F, 0xFF, 0xF4,
    0x13, 0xD3, 0x40, 0x55, 0xC9, 0xBB, 0xFD, 0x3E, 0x0B, 0x8D, 0x98, 0xB0,
    0x42, 0xD1, 0x6B, 0x8F, 0x35, 0xE4, 0x1F, 0x16, 0x97, 0xA6, 0xAB, 0xEB,
    0xC3, 0x72, 0xB5, 0x85, 0x7C, 0x7D, 0x03, 0xE1, 0xC0, 0xE1, 0x0D, 0x47,
    0xE9, 0x30, 0x27, 0xB7, 0x29, 0x86, 0x47, 0x7C, 0xB3, 0xDB, 0x3E, 0xF3,
    0x18, 0xFE, 0xAC, 0x9D, 0x8B, 0x68, 0x90, 0x92, 0x99, 0x74, 0x1F, 0x10,
    0x32, 0xFE, 0xF3, 0xA2, 0xE6, 0x0E, 0xEE, 0x6B, 0xC4, 0x5B, 0x63, 0xC6,
    0xBD, 0x5D, 0x1B, 0x5C, 0x2B, 0xAB, 0x22, 0xA0, 0x44, 0xB7, 0x6B, 0x40,
    0xBF, 0x6B, 0x1F, 0x09, 0xA5, 0xD2, 0x8D, 0x3F, 0xDE, 0xF0, 0xAA, 0xC5,
    0x58, 0xC7, 0x25, 0xD7, 0x50, 0xA5, 0x20, 0xFF, 0xA9, 0x12, 0x36, 0xD4,
    0x63, 0x02, 0xA6, 0xF0, 0x28, 0x97, 0xE4, 0xA4, 0x1C, 0x19, 0xAA, 0xF5,
    0xBF, 0xB9, 0x82, 0xF5, 0xE2, 0x4D, 0x85, 0x4C, 0xBA, 0x2A, 0x1C, 0xDF,
    0x83, 0x11, 0x7B, 0xA2, 0x8F, 0x56, 0x08, 0x50, 0x3D, 0x58, 0xC4, 0xA7,
    0x29, 0xBE, 0x57, 0x52, 0x33, 0xED, 0x9F, 0x57, 0x6E, 0xDE, 0x54, 0x0D,
    0x91, 0xE2, 0x34, 0x65, 0x5D, 0x7D, 0xB3, 0x3F, 0xAF, 0xC4, 0xBD, 0xED,
    0x53, 0xB3, 0xC4, 0xCA, 0xF4, 0x27, 0xB4, 0x35, 0xCB, 0xE3, 0x9F, 0x82,
    0x02, 0xB2, 0xDD, 0xC4, 0x41, 0x63, 0xBE, 0x1A, 0xDA, 0x82, 0x8B, 0x1E,
    0x3B, 0x21, 0x10, 0x8A, 0x14, 0x35, 0xE6, 0x11, 0x38, 0xC9, 0xC9, 0xC1,
    0x1B, 0x5E, 0xA7, 0x88, 0xD2, 0x3A, 0x42, 0xA5, 0x55, 0x1B, 0xED, 0xF6,
    0xAA, 0x72, 0x6E, 0x7D, 0x83, 0x63, 0x88, 0x4C, 0x3E, 0x7A, 0x5D, 0x5F,
    0x84, 0xE9, 0x6D, 0xA1, 0x37, 0xAA, 0x48, 0x12, 0xA1, 0xCC, 0x04, 0xC9,
    0x5E, 0xB6, 0xD6, 0x4B, 0x1C, 0x82, 0x69, 0x52, 0xB1, 0x20, 0xFB, 0x12,
    0x76, 0xAC, 0x7C, 0xE3, 0x2F, 0x3E, 0xAD, 0xD9, 0x80, 0x34, 0x5B, 0x63,
    0xCF, 0x56, 0x2F, 0xA0, 0xDA, 0x40, 0xB5, 0x18, 0xE1, 0x8F, 0x31, 0xFE,
    0x59, 0x51, 0xBE, 0x14, 0xF7, 0xDE, 0x05, 0xF2, 0xBA, 0x04, 0x1D, 0x28,
    0x7C, 0x90, 0x68, 0x90, 0xA4, 0x21, 0x37, 0xD1, 0x35, 0x33, 0x68, 0xA2,
    0x55, 0xD8, 0x33, 0xFC, 0x8F, 0x3B, 0x34, 0x7A, 0x3A, 0x67, 0x0A, 0xA8,
    0xF5, 0x77, 0xE5, 0x6F, 0x9B, 0xA4, 0xEE, 0xED, 0x2F, 0x1F, 0x9A, 0x32,
    0xB1, 0xCE, 0x6F, 0xB9, 0x97, 0x32, 0x47, 0xF9, 0xC0, 0xC7, 0x81, 0xC5,
    0x75, 0x65, 0x75, 0x84, 0xC9, 0x10, 0x05, 0x50, 0x86, 0x89, 0x75, 0xBE,
    0xA4, 0x9D, 0x00, 0x4F, 0x0A, 0xB1, 0x12, 0xB1, 0xA8, 0x75, 0xB6, 0x76,
    0x72, 0xA8, 0xE6, 0x00, 0x47, 0x7F, 0x63, 0x7D, 0x1F, 0xFC, 0x7C, 0x07,
    0x91, 0x0B, 0x24, 0x42, 0x2B, 0xEB, 0x89, 0xD7, 0x25, 0x46, 0x45, 0x58,
    0xC0, 0x50, 0x44, 0x4A, 0x26, 0x01, 0xE6, 0xA8, 0x83, 0xC6, 0xC1, 0x08,
    0x4F, 0xA5, 0xD8, 0x78, 0xF0, 0xF0, 0xD0, 0xAC, 0x06, 0x5E, 0xA3, 0x7B,
    0xF0, 0x10, 0xA6, 0x75, 0x9A, 0x9E, 0xBE, 0xE8, 0xAA, 0x8D, 0x60, 0x35,
    0xC1, 0xAA, 0xF2, 0xC5, 0x4A, 0x22, 0xF5, 0xE7, 0x51, 0xFD, 0x23, 0xAC,
    0x84, 0x96, 0x3F, 0xB2, 0x32, 0x2B, 0xAD, 0xBA, 0x2E, 0x0F, 0x5F, 0x7F,
    0x23, 0x3F, 0x84, 0x20, 0x58, 0x22, 0x1C, 0xF8, 0x90, 0x82, 0xB4, 0x82,
    0x46, 0x0D, 0x60, 0x67, 0x7C, 0x7E, 0x5E, 0x55, 0x7D, 0x7A, 0xB1, 0x04,
    0x6C, 0xAA, 0x14, 0xD9, 0x32, 0x01, 0xAF, 0xB9, 0xBA, 0xD0, 0xF6, 0xB1,
    0x42, 0xFE, 0x5F, 0xA5, 0x18, 0x31, 0x77, 0x70, 0xED, 0x18, 0x47, 0xB1,
    0xC3, 0xD3, 0x0C, 0x43, 0x62, 0xA5, 0x19, 0xAF, 0x43, 0x66, 0xE4, 0x1B,
    0x6D, 0x49, 0xC9, 0x65, 0x65, 0x89, 0x85, 0xE1, 0x0F, 0x3A, 0xD6, 0x46,
    0x9E, 0x1D, 0x24, 0x6D, 0x54, 0x58, 0xC1, 0x1D, 0x20, 0x91, 0x0F, 0x23,
    0x13, 0xA5, 0x62, 0x1B, 0x55, 0xF8, 0x22, 0x8F, 0x1C, 0xE8, 0xEA, 0xEE,
    0x51, 0xC2, 0x83, 0xB5, 0xED, 0xDA, 0xB5, 0x9E, 0x8B, 0x42, 0xE5, 0x1B,
    0xE5, 0x07, 0x77, 0xD9, 0xE6, 0xBA, 0xB9, 0x9C, 0xC7, 0x6C, 0xF3, 0xC4,
    0xDB, 0xB1, 0xEC, 0x2C, 0xCE, 0x5E, 0xA7, 0x6E, 0xD9, 0xC1, 0x79, 0x79,
    0xF7, 0x42, 0xA9, 0x4C, 0x8D, 0x99, 0x74, 0x23, 0x19, 0x98, 0x2B, 0x1C,
    0x8A, 0x46, 0x61, 0x4C, 0x7C, 0xBB, 0x2D, 0x63, 0xA0, 0xF1, 0x3F, 0x4C,
    0x5C, 0x28, 0x6D, 0x83, 0xC0, 0xB9, 0x8E, 0x40, 0x21, 0xF2, 0xBD, 0x38,
    0x31, 0x19, 0x1A, 0x5F, 0x60, 0xAE, 0xC1, 0xF4, 0xED, 0xA1, 0x39, 0xFF,
    0x65, 0x48, 0xB1, 0x05, 0x89, 0xCC, 0x4D, 0x4C, 0xC9, 0xA7, 0x26, 0x27,
    0x45, 0x7A, 0xD6, 0x9A, 0xBB, 0xAF, 0x24, 0x44, 0xAC, 0xB6, 0xDA, 0x9D,
    0x42, 0x99, 0x0A, 0x12, 0xB5, 0x75, 0xA8, 0x39, 0x09, 0x8E, 0xF9, 0x76,
    0xC1, 0xDB, 0xC3, 0x88, 0x1B, 0x21, 0xB1, 0x51, 0xF2, 0xDA, 0xED, 0x9B,
    0xFB, 0xB8, 0x67, 0x78, 0xB5, 0x9D, 0x77, 0xCA, 0x4B, 0x28, 0x83, 0x83,
    0xEC, 0xA2, 0x44, 0xD6, 0x7B, 0xCF, 0x99, 0xB6, 0x24, 0x76, 0xA1, 0x01,
    0x71, 0x65, 0x60, 0x97, 0xDE, 0x1E, 0xD8, 0x40, 0x5D, 0xDE, 0xFF, 0x79,
    0x5C, 0x1A, 0xEE, 0x1F, 0xEA, 0x19, 0x85, 0xDC, 0xCA, 0x10, 0x79, 0x2D,
    0x80, 0x15, 0xF1, 0x81, 0x89, 0x5C, 0x4F, 0x22, 0x8E, 0x66, 0xC5, 0x28,
    0xE3, 0xEB, 0x26, 0xBD, 0x22, 0xD6, 0x6F, 0xBA, 0xEC, 0xA5, 0xFF, 0x37,
    0x7F, 0x5C, 0x60, 0x3B, 0x2F, 0xD9, 0xCF, 0xE4, 0x75, 0x12, 0x20, 0xE0,
    0x8E, 0x70, 0x89, 0x3D, 0x06, 0x61, 0x30, 0xEC, 0xB3, 0x23, 0x69, 0x98,
    0x61, 0xC9, 0x1E, 0x45, 0x0B, 0x21, 0x58, 0x17, 0xB5, 0x8B, 0x7F, 0x1D,
    0x64, 0x92, 0xDC, 0xED, 0x99, 0xEB, 0x74, 0x4D, 0x36, 0x07, 0x1C, 0x6B,
    0xB1, 0x41, 0x62, 0x24, 0x60, 0x5B, 0x51, 0x40, 0xF7, 0xF3, 0x04, 0xF5,
    0xA7, 0xF6, 0x2C, 0x17, 0x64, 0x3A, 0xC1, 0xFC, 0x5B, 0x6C, 0x51, 0x84,
    0xA3, 0x6F, 0xD5, 0xFF, 0x4A, 0x92, 0xD2, 0x2E, 0x2A, 0x0F, 0xBA, 0x34,
    0xF4, 0x3C, 0x7B, 0x23, 0x60, 0xAF, 0xB7, 0x4F, 0x1B, 0xB9, 0xC6, 0x69,
    0x2F, 0x19, 0x15, 0x77, 0xD8, 0x58, 0xCB, 0xB3, 0xE4, 0x4D, 0xB1, 0x39,
    0xEF, 0x53, 0xF2, 0x06, 0x53, 0x5F, 0xB6, 0xD5, 0x54, 0x11, 0xB9, 0x65,
    0x2B, 0x2A, 0x0F, 0xA8, 0xDB, 0xC5, 0x7A, 0xC7, 0xD7, 0xB6, 0x9E, 0x34,
    0x25, 0xDF, 0x5F, 0xF0, 0xA8, 0x82, 0x14, 0xC0, 0x10, 0xA5, 0xEC, 0xC3,
    0x62, 0x7C, 0xA1, 0x55, 0x3D, 0xAD, 0xB8, 0x8F, 0x1E, 0x5E, 0xAC, 0x11,
    0x69, 0xE8, 0x1C, 0x75, 0x67, 0x29, 0xBE, 0x4D, 0x68, 0x5C, 0x15, 0xA1,
    0xF4, 0xC2, 0xB0, 0x3E, 0xF9, 0xE9, 0xD7, 0x8F, 0x94, 0x1C, 0x5A, 0xCD,
    0xAB, 0x8B, 0x90, 0x01, 0x2D, 0x23, 0x99, 0x66, 0x43, 0x50, 0x48, 0x2C,
    0xBB, 0x1D, 0x1E, 0xED, 0x45, 0x00, 0xA3, 0xAD, 0xF0, 0x31, 0x5B, 0x5F,
    0x44, 0x27, 0xBD, 0x32, 0x48, 0x25, 0x84, 0xE7, 0xA4, 0x20, 0x78, 0x26,
    0xE6, 0x32, 0x6B, 0x2D, 0xF2, 0xB8, 0x17, 0xB7, 0x39, 0x99, 0x7F, 0x27,
    0xAE, 0xD4, 0x38, 0x2E, 0x26, 0x38, 0xA3, 0xB3, 0xE9, 0x8D, 0x8D, 0x95,
    0xFD, 0x2D, 0x3E, 0x94, 0xC0, 0xCF, 0x3C, 0x5C, 0xFA, 0x2B, 0xDE, 0x56,
    0x5C, 0xA6, 0xC4, 0xFB, 0x33, 0x7A, 0x53, 0x71, 0xC1, 0xE8, 0xB9, 0x4C,
    0xE7, 0x8D, 0x47, 0x68, 0xC4, 0x77, 0xDF, 0x33, 0x29, 0xD5, 0x1B, 0xF1,
    0x2A, 0x16, 0xFF, 0x41, 0xE6, 0xC2, 0x6B, 0x8C, 0xDF, 0xB8, 0x31, 0x94,
    0x39, 0xC3, 0xBB, 0x77, 0xAD, 0x45, 0x27, 0x0F, 0x8C, 0xFE, 0x21, 0x4C,
    0xF6, 0x7E, 0x93, 0x9F, 0x01, 0xA7, 0x09, 0x56, 0x4C, 0xA9, 0x23, 0x74,
    0xBA, 0xA9, 0x6B, 0x2F, 0xB0, 0x88, 0x97, 0x19, 0xB8, 0x46, 0x64, 0xCE,
    0x80, 0x3D, 0xF2, 0x9A, 0x76, 0x1A, 0xA7, 0x58, 0xB3, 0x0A, 0x24, 0xED,
    0x8B, 0xAF, 0x47, 0x98, 0x16, 0x20, 0xFE, 0xA0, 0xF3, 0xCE, 0xFC, 0x91,
    0x35, 0xD5, 0x41, 0x3B, 0x1B, 0x6E, 0x37, 0x37, 0x03, 0x7B, 0x59, 0x02,
    0x76, 0xE0, 0x49, 0xEB, 0x15, 0x3F, 0x9C, 0x36, 0x04, 0x02, 0x8D, 0x31,
    0x26, 0x30, 0x9B, 0xEE, 0x42, 0x2F, 0x92, 0xA5, 0xAE, 0xB4, 0x4F, 0xA1,
    0x4E, 0x42, 0xE6, 0xB5, 0xAB, 0x07, 0x29, 0xCE, 0x33, 0x5D, 0x6D, 0xC4,
    0xE8, 0x4B, 0x0A, 0x66, 0x82, 0x2D, 0xF5, 0x76, 0x23, 0xE2, 0x8A, 0x5D,
    0xD9, 0xE0, 0x43, 0x4F, 0x70, 0x91, 0xDF, 0x2F, 0x51, 0x9D, 0x8C, 0x10,
    0x18, 0x6E, 0x33, 0xA6, 0xB2, 0x7E, 0xFB, 0x31, 0xF9, 0xBD, 0x5A, 0xB3,
    0xEA, 0xCA, 0x2B, 0xDC, 0xAA, 0xAF, 0xB2, 0x43, 0x77, 0xAC, 0xA3, 0x23,
    0x2B, 0x9D, 0xF1, 0x4F, 0x15, 0x37, 0x55, 0xF4, 0x87, 0xBB, 0x33, 0x2C,
    0x77, 0xB1, 0x83, 0x2D, 0xC9, 0xDF, 0xF6, 0x79, 0x75, 0x44, 0x17, 0x31,
    0x73, 0x2E, 0xEC, 0x59, 0xCD, 0x21, 0x5B, 0x2F, 0x4B, 0xA6, 0xF6, 0x42,
    0x2F, 0x1E, 0xC3, 0x82, 0x54, 0x25, 0x22, 0x9E, 0xCE, 0x13, 0x3C, 0x0B,
    0x43, 0xF3, 0x41, 0xD4, 0xA2, 0x32, 0xD1, 0xFC, 0x28, 0x8F, 0xF2, 0x48,
    0x43, 0x30, 0xA9, 0x2D, 0x71, 0x72, 0x61, 0x70, 0x80, 0x65, 0x3B, 0x1E,
    0x45, 0xEC, 0xB7, 0x3B, 0x31, 0x88, 0x9B, 0xD3, 0x72, 0xB9, 0x38, 0x03,
    0xDA, 0xDA, 0xA8, 0xFF, 0xFB, 0x84, 0x4D, 0x15, 0x50, 0xCF, 0x42, 0xC6,
    0xA7, 0x18, 0x7B, 0xF4, 0x57, 0x5B, 0xE5, 0x39, 0x0D, 0x24, 0xDA, 0x1F,
    0xD2, 0x3F, 0xB9, 0x1D, 0xB1, 0xEF, 0x09, 0xC5, 0x8E, 0xFC, 0x83, 0x12,
    0x1A, 0x66, 0x3F, 0xDE, 0x94, 0xB6, 0x1F, 0xD6, 0x5A, 0x0D, 0xEB, 0x5D,
    0x0F, 0x1D, 0x2F, 0xB9, 0xE4, 0xA5, 0x6E, 0x97, 0x5C, 0x96, 0x82, 0x26,
    0x07, 0x26, 0x19, 0xB2, 0x43, 0x55, 0x4D, 0x9D, 0xC5, 0x23, 0x23, 0xEE,
    0x3D, 0x7F, 0x4A, 0x4B, 0x97, 0x9B, 0xBD, 0xF4, 0xB7, 0x2F, 0x8D, 0x92,
    0x9B, 0x85, 0xD9, 0xFA, 0xE6, 0x0F, 0x9F, 0x24, 0xAD, 0x61, 0xB0, 0x0D,
    0xD1, 0x42, 0xB8, 0x60, 0x24, 0xBC, 0x11, 0x3A, 0x24, 0x4A, 0xEA, 0x59,
    0x0B, 0x66, 0x53, 0xA5, 0x61, 0xC9, 0x3C, 0x69, 0xE0, 0xD4, 0xCD, 0x4D,
    0x08, 0x7F, 0x64, 0xE6, 0x0D, 0xD3, 0xF5, 0xE8, 0x32, 0xCE, 0x97, 0x59,
    0xA8, 0xF7, 0x87, 0x34, 0x0C, 0x11, 0x45, 0xD7, 0x18, 0x58, 0x98, 0x16,
    0x7F, 0x21, 0x10, 0x1D, 0xCC, 0x3D, 0x73, 0x9B, 0xE1, 0x2A, 0x79, 0x64,
    0x57, 0x97, 0xB5, 0x04, 0x74, 0x6C, 0xFB, 0xEC, 0xEB, 0x70, 0xE1, 0x9B,
    0x08, 0x09, 0x5E, 0xF0, 0x4A, 0x41, 0x84, 0xF5, 0xDB, 0xDC, 0xE9, 0x87,
    0x41, 0x9D, 0x44, 0xA7, 0x2A, 0x8B, 0xE3, 0x1C, 0x86, 0x27, 0x66, 0xAC,
    0xBF, 0xBA, 0xAF, 0x29, 0x9A, 0xFE, 0x93, 0x7C, 0x2A, 0x5B, 0xCA, 0xD6,
    0x9F, 0x65, 0x71, 0x71, 0xBE, 0x60, 0x6E, 0x79, 0x78, 0x35, 0x52, 0xB0,
    0x3C, 0x8C, 0x45, 0x74, 0xF0, 0xF3, 0x22, 0x40, 0xDF, 0xB4, 0xF4, 0x5D,
    0x21, 0xE8, 0x75, 0x4A, 0xAC, 0x92, 0x59, 0xA6, 0x8E, 0x74, 0x91, 0xF7,
    0xA8, 0x12, 0x4F, 0x34, 0x41, 0x14, 0xF0, 0xA1, 0x38, 0x34, 0xEF, 0x51,
    0x7C, 0x1A, 0x66, 0x19, 0x99, 0xD6, 0xFE, 0x12, 0x4A, 0x85, 0x0C, 0x4F,
    0x53, 0xF3, 0x38, 0x7A, 0x3E, 0x04, 0x15, 0x0F, 0xD9, 0xF2, 0xBA, 0x95,
    0x39, 0x22, 0x9D, 0x1B, 0x19, 0x60, 0x0E, 0xEC, 0x4E, 0x4A, 0x67, 0x00,
    0x3E, 0x1E, 0x92, 0xB1, 0x9F, 0xD4, 0x94, 0x89, 0xB4, 0xD5, 0x10, 0x26,
    0xF3, 0x00, 0xF5, 0x00, 0x7D, 0xFB, 0x27, 0x68, 0x20, 0xFA, 0x0D, 0xD5,
    0x6F, 0xEC, 0xE1, 0x4E, 0x5A, 0xFE, 0x93, 0xAC, 0x49, 0x40, 0xD2, 0x8A,
    0x02, 0x73, 0x71, 0xDC, 0x0F, 0x61, 0xBC, 0x54, 0x4D, 0x3C, 0x8B, 0x33,
    0x79, 0xB1, 0xC0, 0xA3, 0x8A, 0x53, 0xFF, 0x13, 0x4B, 0xE2, 0x9A, 0x86,
    0xFE, 0x3D, 0x82, 0x8B, 0xF1, 0xE1, 0x93, 0x51, 0xF4, 0xBF, 0xED, 0x69,
    0xC9, 0xB2, 0xDC, 0x90, 0x5E, 0xEC, 0xA2, 0x65, 0xA5, 0x2C, 0x29, 0x01,
    0xC1, 0xA4, 0x77, 0x52, 0xF6, 0x6E, 0xB9, 0xE9, 0xD0, 0xCD, 0x9A, 0x0F,
    0x9B, 0xA9, 0x51, 0xE9, 0x48, 0xFD, 0x86, 0xE7, 0xAA, 0x56, 0xCD, 0x17,
    0x43, 0xAE, 0xD0, 0x94, 0xE7, 0x5B, 0x28, 0x31, 0x26, 0x2F, 0x10, 0xE6,
    0x36, 0x66, 0x7F, 0xD9, 0xED, 0x97, 0xF0, 0x87, 0x09, 0xDE, 0xFF, 0x38,
    0x8A, 0x67, 0x15, 0x11, 0x6D, 0xE8, 0xAF, 0x7B, 0x90, 0x5D, 0x7A, 0xFE,
    0x09, 0xC7, 0x60, 0x51, 0x8D, 0xD9, 0xFC, 0x93, 0xE4, 0x5F, 0x06, 0x62,
    0x2C, 0x47, 0x81, 0x21, 0x87, 0xE9, 0x54, 0x0A, 0x21, 0x33, 0xF7, 0xE9,
    0xC5, 0x0F, 0x5A, 0x71, 0x4A, 0xFE, 0x2F, 0x1A, 0x79, 0x0E, 0x7F, 0xFD,
    0x38, 0x7C, 0xB8, 0xE9, 0xFC, 0x0B, 0x96, 0xE6, 0x14, 0xC1, 0x3C, 0x12,
    0x1F, 0x23, 0x18, 0x95, 0x50, 0x69, 0x54, 0x75, 0x59, 0x39, 0xE1, 0x2B,
    0x42, 0x65, 0x7E, 0x92, 0x90, 0xF0, 0xA7, 0x0A, 0x15, 0x57, 0x81, 0x3D,
    0x39, 0xB9, 0x97, 0x7F, 0x5C, 0x83, 0xEA, 0xF8, 0x62, 0x85, 0xB2, 0x34,
    0x60, 0xE1, 0x1A, 0x6F, 0x4D, 0x25, 0x85, 0xF7, 0x6A, 0x93, 0x67, 0x2C,
    0x1E, 0xCD, 0xBE, 0xF5, 0x30, 0x65, 0x50, 0x12, 0xCE, 0x0B, 0x8B, 0x84,
    0xBF, 0x13, 0xCD, 0xC3, 0x48, 0xAB, 0xB7, 0x33, 0xD1, 0xD6, 0xC4, 0xEB,
    0x90, 0x5A, 0x24, 0xF8, 0x3A, 0xED, 0x9E, 0xA7, 0x03, 0x9B, 0x1D, 0x54,
    0xD0, 0x78, 0x5A, 0x35, 0x26, 0x20, 0x60, 0x36, 0x71, 0x29, 0xDC, 0x13,
    0xC7, 0x32, 0x84, 0x4C, 0x2B, 0x93, 0x44, 0xF0, 0xD0, 0x83, 0x47, 0xAF,
    0x4B, 0xBD, 0x7D, 0x49, 0xD3, 0x35, 0x30, 0x4B, 0xFB, 0xAF, 0x25, 0x62,
    0x76, 0xF3, 0x7F, 0x3B, 0x80, 0x7F, 0x46, 0xBF, 0x15, 0x2B, 0x9F, 0xD3,
    0xFB, 0xD6, 0x6C, 0xDE, 0x43, 0xE8, 0x3D, 0x59, 0x8E, 0xA1, 0xF9, 0x1A,
    0xCA, 0x5D, 0x5E, 0xEB, 0x84, 0x93, 0xE5, 0x44, 0xB4, 0x1E, 0x4C, 0x09,
    0x2B, 0x1C, 0x6F, 0xF1, 0xFF, 0x40, 0xE1, 0x6D, 0x2C, 0xC6, 0x9A, 0xB7,
    0xAD, 0x46, 0x9E, 0x64, 0x87, 0xE4, 0x51, 0x11, 0x08, 0xDD, 0x93, 0x8A,
    0xC5, 0xFD, 0xE7, 0x90, 0xE7, 0xC2, 0x97, 0xC0, 0xD3, 0x7C, 0xA6, 0xAA,
    0xC1, 0x0F, 0xE8, 0xBF, 0x35, 0x5A, 0xE7, 0xE4, 0xAC, 0x57, 0x06, 0xD9,
    0x91, 0x28, 0x0C, 0xE7, 0xEC, 0x33, 0x98, 0xE8, 0xB8, 0xE8, 0xF9, 0xEB,
    0x84, 0x19, 0x78, 0x59, 0x4D, 0xDA, 0xC2, 0xD6, 0xDC, 0xE3, 0xD8, 0x27,
    0x54, 0x54, 0x0B, 0xDD, 0x80, 0x2E, 0x81, 0xC6, 0xB4, 0x46, 0xC5, 0x00,
    0xEF, 0xBA, 0x42, 0xD9, 0xD1, 0xE2, 0xD5, 0x08, 0x6B, 0x06, 0x13, 0xCD,
    0xDD, 0x63, 0xB3, 0x57, 0x67, 0xE5, 0xA1, 0x4C, 0xA9, 0x5C, 0x50, 0x14,
    0xA7, 0xF5, 0xE2, 0xE7, 0xE3, 0x91, 0xA8, 0x40, 0xB1, 0xE9, 0xE7, 0x79,
    0x0C, 0x3D, 0xE9, 0xDD, 0x6E, 0x62, 0x2F, 0x56, 0xBF, 0x3A, 0x1C, 0x9F,
    0x3D, 0xEC, 0x21, 0xA1, 0x55, 0xE7, 0x21, 0x5C, 0x97, 0xDF, 0x19, 0x69,
    0xC8, 0x29, 0x4B, 0xEF, 0x70, 0x03, 0x20, 0xB3, 0x5D, 0x20, 0x44, 0x7F,
    0x5E, 0xF0, 0x26, 0x89, 0x6B, 0x91, 0xA7, 0xF5, 0x73, 0x4F, 0x5C, 0xF2,
    0xB0, 0xE1, 0x7E, 0xC1, 0x1C, 0x06, 0x31, 0xB2, 0xC0, 0x6E, 0x30, 0xFB,
    0xA4, 0x79, 0x6A, 0x1A, 0x5A, 0x35, 0xF3, 0x3D, 0x8B, 0xE0, 0xC6, 0x5A,
    0xDF, 0x2D, 0x13, 0x07, 0x7D, 0x0E, 0x49, 0x71, 0xF7, 0x74, 0x7E, 0x5F,
    0x6D, 0x0D, 0x9E, 0xBF, 0xB2, 0xC9, 0x74, 0xAB, 0x9C, 0xED, 0x09, 0xDA,
    0x18, 0x3E, 0xAB, 0xFB, 0x59, 0x9C, 0xDC, 0xDB, 0x3F, 0x77, 0x63, 0xE3,
    0xED, 0x2B, 0xDB, 0x00, 0xA4, 0xC3, 0x3C, 0xA5, 0x7D, 0x49, 0x15, 0x30,
    0x06, 0x74, 0x78, 0x75, 0xB7, 0x16, 0xAC, 0xB8, 0x28, 0x05, 0xBA, 0xF7,
    0x03, 0xF7, 0x0B, 0xE9, 0x07, 0xFF, 0xEE, 0x10, 0xFD, 0x22, 0xA2, 0x38,
    0xFE, 0xB5, 0x25, 0x81, 0x2A, 0x91, 0xBB, 0x3E, 0x03, 0xBF, 0x4E, 0x08,
    0xF3, 0x2C, 0x09, 0x8D, 0xE4, 0xCD, 0xD3, 0x42, 0x43, 0x0F, 0x82, 0xA7,
    0xA8, 0x6C, 0x7C, 0x09, 0xBA, 0x93, 0xB3, 0xC1, 0x82, 0x32, 0xE6, 0xAB,
    0xBF, 0x31, 0x7E, 0x75, 0x13, 0xA7, 0x2A, 0x79, 0xB3, 0x3D, 0xB9, 0x90,
    0x52, 0x50, 0xA3, 0xFA, 0xC4, 0x0E, 0x12, 0x11, 0xFA, 0x1E, 0x51, 0x2E,
    0xCF, 0xD5, 0xD2, 0x95, 0xD7, 0x99, 0xCF, 0xB7, 0xCF, 0xB0, 0x30, 0xFF,
    0x47, 0xBC, 0x22, 0x95, 0x18, 0x6F, 0x31, 0x2B, 0x8E, 0x3C, 0x3B, 0x2B,
    0x7E, 0x94, 0xB1, 0x78, 0x95, 0xCE, 0xC6, 0x9F, 0xE6, 0x5B, 0x7C, 0x89,
    0x10, 0x11, 0x11, 0x91, 0xE6, 0xBE, 0x91, 0x7E, 0xA9, 0x73, 0x6A, 0xB1,
    0x49, 0xA7, 0x86, 0xB3, 0x03, 0x32, 0x8B, 0xC1, 0x93, 0xCA, 0x8B, 0x8E,
    0xC6, 0x88, 0x1B, 0x9E, 0xF1, 0x66, 0xDE, 0x1B, 0xB2, 0xF5, 0x6F, 0x13,
    0x42, 0x43, 0x25, 0x46, 0x57, 0x95, 0x02, 0x48, 0x4E, 0xCF, 0x70, 0x99,
    0x43, 0x03, 0xBD, 0xA4, 0x97, 0xD6, 0xB0, 0xC3, 0x06, 0xEA, 0x1B, 0x6C,
    0xAB, 0xB3, 0x3E, 0xD6, 0xCE, 0xB5, 0x17, 0x34, 0x19, 0x23, 0x40, 0x01,
    0xC8, 0x45, 0xA8, 0x91, 0x12, 0x9A, 0x96, 0x47, 0x70, 0xBA, 0x21, 0xE7,
    0x3D, 0x95, 0x7B, 0x48, 0x62, 0x88, 0xF9, 0xB6, 0x28, 0x6F, 0xF6, 0x1D,
    0xE4, 0x13, 0x75, 0xA3, 0x9D, 0xB5, 0x62, 0x42, 0x6D, 0xB3, 0x8E, 0x50,
    0xD0, 0xA0, 0xF0, 0xD0, 0xDD, 0xA3, 0x14, 0xAC, 0xCA, 0xB5, 0x42, 0x3D,
    0x29, 0x94, 0x70, 0x06, 0xBC, 0x1E, 0x97, 0x50, 0x86, 0xBD, 0xFE, 0xE9,
    0x50, 0xAC, 0x85, 0x6D, 0x12, 0xBF, 0x60, 0xCD, 0x23, 0x97, 0x16, 0x22,
    0xEE, 0xB4, 0xB1, 0x67, 0x9C, 0x14, 0xE3, 0xF5, 0x42, 0xA6, 0x0E, 0x7A,
    0xE2, 0x0A, 0x5C, 0x7D, 0xE4, 0x86, 0x14, 0xA4, 0xC5, 0x01, 0xE0, 0xE9,
    0x3E, 0xB6, 0xFC, 0x2D, 0x96, 0xD3, 0x7E, 0x7A, 0x31, 0x2A, 0xDA, 0x3E,
    0x54, 0x34, 0x55, 0x43, 0xFE, 0x47, 0x7B, 0x58, 0x66, 0xC5, 0xF0, 0x0F,
    0x00, 0x14, 0x1F, 0x1A, 0xAC, 0xE6, 0x1F, 0xC1, 0xE4, 0x0A, 0x54, 0xC6,
    0x9F, 0xB0, 0xDE, 0x7D, 0x8B, 0xE8, 0x06, 0x4E, 0xCA, 0x42, 0x12, 0xAC,
    0x86, 0xDF, 0x66, 0x57, 0xB0, 0x41, 0xB6, 0x21, 0xE5, 0x28, 0xD6, 0x4A,
    0x47, 0x98, 0xDD, 0xC4, 0xC3, 0xE6, 0x09, 0x00, 0xCB, 0x4B, 0x82, 0x25,
    0xE4, 0x94, 0xC1, 0x64, 0x82, 0xE9, 0xB8, 0xA8, 0x9C, 0x37, 0x72, 0xE0,
    0x59, 0x25, 0x44, 0xC0, 0xB3, 0x21, 0xBD, 0xC3, 0x38, 0x5D, 0x4E, 0xAE,
    0xBA, 0xAD, 0x6D, 0x3E, 0xD0, 0xE3, 0x26, 0xD1, 0x59, 0x6B, 0x93, 0x19,
    0xAD, 0xB4, 0x00, 0xA9, 0x74, 0x94, 0xB0, 0x98, 0xC7, 0xB5, 0x3A, 0x9C,
    0xAF, 0x3D, 0x56, 0x9B, 0x78, 0x0F, 0x72, 0x26, 0x34, 0x62, 0xC2, 0x5D,
    0x55, 0x15, 0xFD, 0xE9, 0x6F, 0x30, 0x44, 0x69, 0x8E, 0x50, 0x36, 0x11,
    0x10, 0x86, 0xBD, 0x27, 0xD2, 0xAD, 0x0E, 0x12, 0x87, 0x8B, 0xA3, 0x92,
    0x49, 0xBD, 0x86, 0x88, 0x3B, 0x65, 0x24, 0xB7, 0xF9, 0xEF, 0x13, 0x17,
    0x86, 0x5C, 0x66, 0x01, 0x13, 0xBE, 0x93, 0xC7, 0x05, 0x05, 0x7A, 0x06,
    0x90, 0x67, 0xD6, 0xB9, 0x3A, 0xDF, 0xFD, 0x88, 0xA1, 0x6B, 0x3A, 0x5B,
    0x0E, 0x2A, 0xC6, 0xE0, 0xAF, 0x95, 0xAC, 0xCC, 0xFD, 0x90, 0x8A, 0x31,
    0x17, 0x0E, 0xD5, 0x0E, 0x78, 0xA1, 0x78, 0xA1, 0x15, 0xC6, 0x93, 0x4E,
    0xA6, 0x02, 0xEC, 0xAD, 0x0D, 0x34, 0x08, 0x82, 0x49, 0x88, 0xF7, 0x0C,
    0x95, 0x88, 0x2F, 0xFF, 0x66, 0x6E, 0x46, 0xA6, 0xC4, 0xF4, 0xBD, 0x05,
    0x96, 0x31, 0xA5, 0x7C, 0xED, 0x77, 0x1A, 0x29, 0x03, 0xE7, 0xC5, 0xE2,
    0x6A, 0x7B, 0xEC, 0x75, 0x59, 0x53, 0xF2, 0xBE, 0x47, 0x5F, 0x83, 0xC9,
    0x76, 0x7D, 0x0F, 0x6A, 0xBD, 0x80, 0x89, 0xCB, 0x36, 0x3D, 0x97, 0xFB,
    0x4D, 0x7F, 0xDD, 0x67, 0x53, 0x30, 0x42, 0xFA, 0xDB, 0x3D, 0x31, 0x53,
    0xC8, 0x3E, 0xC4, 0xBA, 0x7F, 0xA8, 0xC5, 0x5F, 0x93, 0xFE, 0x68, 0xFD,
    0x93, 0x30, 0xAF, 0x54, 0x05, 0x3D, 0x45, 0x3F, 0xFB, 0x4F, 0xD1, 0xFC,
    0xB0, 0x2F, 0xBF, 0xBF, 0x1E, 0xF1, 0xBB, 0x4E, 0x09, 0xBD, 0x10, 0xE7,
    0xD4, 0x93, 0xDE, 0x66, 0x9A, 0xBD, 0x1E, 0x22, 0x03, 0xEF, 0x30, 0x36,
    0xEA, 0xEB, 0xE1, 0xDC, 0x36, 0x13, 0xE8, 0xF8, 0x56, 0xD6, 0xE9, 0x42,
    0xBA, 0x21, 0xC3, 0x4D, 0x9D, 0x8B, 0x74, 0x7C, 0x19, 0x2E, 0x42, 0x9F,
    0x96, 0x68, 0x4A, 0xFD, 0xEE, 0x3B, 0x54, 0x67, 0x66, 0x77, 0x65, 0x80,
    0x05, 0xC1, 0xFD, 0x83, 0x31, 0x4F, 0xF3, 0x6D, 0x6A, 0x66, 0xCA, 0x1E,
    0x46, 0xAE, 0x22, 0x18, 0x20, 0x7C, 0xD8, 0xAF, 0x28, 0xF0, 0x88, 0x9E,
    0x97, 0xFB, 0x45, 0xDB, 0xB5, 0xE5, 0xB8, 0x70, 0xEA, 0xDA, 0xC9, 0x2A,
    0x2B, 0x93, 0xD7, 0x19, 0xC6, 0xBA, 0x15, 0xF7, 0x75, 0x59, 0x60, 0x23,
    0x62, 0x47, 0x8A, 0x66, 0xE3, 0x91, 0x06, 0x9D, 0xF5, 0x68, 0xE1, 0xA9,
    0xB3, 0xBD, 0x84, 0x87, 0xA6, 0x25, 0xE7, 0x8C, 0x4C, 0xF4, 0x24, 0xE3,
    0x75, 0xF1, 0x42, 0xA9, 0x2C, 0xE3, 0xAE, 0xDB, 0xF1, 0xD0, 0x34, 0x0C,
    0xAC, 0x0C, 0x22, 0x32, 0x82, 0x49, 0x95, 0x57, 0x1A, 0x5D, 0x23, 0x26,
    0x76, 0xDE, 0xAA, 0x83, 0xBC, 0x47, 0x72, 0x5B, 0x0F, 0x25, 0x54, 0x15,
    0xD8, 0x32, 0x22, 0x59, 0x80, 0xB4, 0x55, 0x30, 0x0E, 0x2D, 0x47, 0x70,
    0x33, 0x22, 0x1E, 0x8F, 0x92, 0xDC, 0x26, 0x7A, 0x1D, 0x49, 0xB8, 0x23,
    0x3D, 0x00, 0x4C, 0x38, 0xBB, 0x0F, 0xDB, 0x1E, 0x06, 0x55, 0x9E, 0xF2,
    0x4F, 0x94, 0x86, 0xF3, 0x06, 0xFA, 0xA1, 0x11, 0xF8, 0xE0, 0xB2, 0x4A,
    0xEB, 0xC8, 0xC3, 0x1C, 0x8D, 0x88, 0xF0, 0x2A, 0xD0, 0x9A, 0x49, 0xFD,
    0xEE, 0xC9, 0xF8, 0x22, 0x29, 0xAB, 0x60, 0xF7, 0xEC, 0xAA, 0xF4, 0x69,
    0x28, 0x42, 0x0E, 0x12, 0x06, 0xDA, 0xFA, 0xBE, 0x32, 0xDC, 0xB1, 0x95,
    0xB5, 0x4F, 0xD8, 0x90, 0x22, 0x3D, 0x7B, 0x9A, 0x88, 0x3D, 0x59, 0xE1,
    0xD1, 0xF4, 0x71, 0x65, 0x36, 0xF6, 0x63, 0xCE, 0xA5, 0xD6, 0xCE, 0x95,
    0xA4, 0xBD, 0x34, 0xA9, 0x6F, 0x4A, 0xB9, 0x89, 0xD1, 0x4A, 0xD4, 0x1A,
    0x72, 0xB6, 0x7F, 0x86, 0x31, 0xB6, 0x75, 0x00, 0xC1, 0xE1, 0x0A, 0x63,
    0x65, 0xF4, 0xDF, 0x22, 0x8C, 0x61, 0x78, 0xB0, 0x8D, 0x48, 0xC6, 0x57,
    0x42, 0xBE, 0xB9, 0xC2, 0xE9, 0xBC, 0x23, 0x74, 0x10, 0x08, 0x1B, 0xE4,
    0xB1, 0xCA, 0xD3, 0xAF, 0xE2, 0x19, 0xCA, 0x26, 0x20, 0x30, 0x4B, 0x9B,
    0xF0, 0x02, 0x04, 0xC6, 0x9F, 0x5E, 0xC4, 0xAA, 0xB3, 0x7F, 0x73, 0x0D,
    0x85, 0xEF, 0x78, 0xFA, 0x96, 0x7A, 0x7F, 0x5B, 0x77, 0x59, 0x9A, 0x11,
    0x89, 0x67, 0xA5, 0xF2, 0x69, 0xE3, 0xF5, 0x20, 0xCB, 0xB4, 0xCB, 0x23,
    0xE0, 0x65, 0x5F, 0x2D, 0x7B, 0x78, 0x2C, 0x16, 0x36, 0x5E, 0x2D, 0x33,
    0x20, 0x71, 0x54, 0x37, 0xC4, 0xE8, 0x5C, 0x5D, 0x01, 0x47, 0xBC, 0x0E,
    0x5F, 0xE7, 0xB7, 0x87, 0x82, 0xF1, 0xAC, 0x9B, 0xEB, 0xBD, 0xD2, 0x12,
    0x31, 0xDA, 0xCA, 0x07, 0xD8, 0x11, 0xB1, 0x86, 0xB8, 0xA0, 0x0B, 0xBA,
    0x48, 0xAA, 0xDC, 0x69, 0xA1, 0x5A, 0xD1, 0x4F, 0x41, 0x88, 0x2A, 0xA2,
    0x2B, 0x53, 0x0E, 0x3E, 0x8F, 0x57, 0x73, 0x7C, 0x6B, 0x5A, 0xB3, 0xB9,
    0xE8, 0x28, 0xF3, 0x46, 0x76, 0x45, 0x65, 0x59, 0xE6, 0x24, 0x4D, 0xC8,
    0x53, 0x0A, 0xA3, 0xBA, 0xD7, 0xA6, 0x11, 0x44, 0xF1, 0x25, 0xC2, 0x82,
    0x49, 0x7A, 0x3B, 0x2A, 0x9D, 0xC0, 0xCE, 0x53, 0x9B, 0x97, 0x73, 0x50,
    0xBC, 0xA4, 0xF5, 0x52, 0x27, 0x22, 0xBF, 0x29, 0x26, 0x1D, 0x5A, 0x39,
    0x51, 0x82, 0xF1, 0xCB, 0x7C, 0x23, 0x35, 0x8A, 0x7C, 0x61, 0x78, 0x19,
    0x96, 0x0D, 0x75, 0xD1, 0xF6, 0x7F, 0x9A, 0x4E, 0x6B, 0xBC, 0xC8, 0xB6,
    0x81, 0xC0, 0x43, 0x97, 0x06, 0x78, 0x68, 0x63, 0xFF, 0xE9, 0x6E, 0xBF,
    0x64, 0xDC, 0x51, 0xDF, 0x1B, 0x8B, 0x51, 0x71, 0x15, 0x91, 0xE1, 0xFC,
    0x38, 0xD4, 0xBB, 0xE1, 0x55, 0xBA, 0x71, 0x4B, 0x9E, 0xF8, 0x03, 0xC6,
    0x09, 0x1B, 0x61, 0x5F, 0xEC, 0x1D, 0x25, 0x5F, 0xF0, 0x34, 0x04, 0x3C,
    0x29, 0xC7, 0x11, 0xCC, 0xE6, 0x02, 0xA3, 0x63, 0x4C, 0x42, 0x32, 0x8E,
    0x50, 0x44, 0x56, 0xAE, 0x6A, 0x56, 0xB6, 0x0F, 0x2B, 0xD5, 0x52, 0x30,
    0x52, 0x18, 0x65, 0x35, 0x00, 0xE7, 0xAA, 0xA2, 0xBA, 0x51, 0x30, 0xC3,
    0x03, 0x13, 0xAD, 0x90, 0x3C, 0x97, 0x6E, 0x3B, 0x72, 0xC6, 0x4B, 0x0A,
    0x2F, 0x8E, 0x0C, 0xBB, 0x16, 0x20, 0x92, 0x6C, 0xAE, 0xF9, 0x6E, 0xFB,
    0xA5, 0x9F, 0x6E, 0x66, 0xA3, 0x16, 0x00, 0x74, 0x89, 0x0B, 0xEB, 0x88,
    0xB7, 0xB0, 0x83, 0x1A, 0x00, 0x6A, 0x17, 0xD3, 0x16, 0xD7, 0x32, 0x25,
    0xBF, 0xEA, 0x49, 0x79, 0x0D, 0xED, 0x46, 0x54, 0x3F, 0xD8, 0x3B, 0xD7,
    0xC1, 0xC7, 0xA0, 0x25, 0xFB, 0x6D, 0x61, 0x47, 0x8F, 0x3F, 0x60, 0x6C,
    0xE4, 0xE7, 0xED, 0x07, 0xDB, 0x2E, 0x30, 0xEC, 0xE1, 0x9E, 0xB5, 0x91,
    0x3E, 0xEC, 0x0E, 0xEF, 0xC6, 0xBA, 0x73, 0x0D, 0xB2, 0xCC, 0x31, 0x37,
    0x4B, 0x15, 0x5A, 0x5B, 0x18, 0xFC, 0x40, 0x26, 0x6D, 0xDC, 0x0E, 0xB7,
    0xD5, 0xBC, 0x31, 0x37, 0x5B, 0x20, 0xE2, 0xC7, 0xEF, 0xDA, 0x29, 0xB4,
    0xB3, 0x0F, 0xEF, 0xA5, 0x65, 0x7D, 0x6B, 0x31, 0xA5, 0xA9, 0xF8, 0x27,
    0x0B, 0x52, 0xB1, 0x4D, 0x06, 0x92, 0x2A, 0xC4, 0xD2, 0x56, 0x16, 0xA5,
    0x4D, 0x70, 0x89, 0x81, 0x1D, 0x0C, 0x2B, 0x21, 0x3D, 0x38, 0x9B, 0x88,
    0xF3, 0x0B, 0x44, 0xF8, 0x9C, 0x84, 0x02, 0x58, 0xA4, 0x58, 0xE6, 0x9C,
    0xC7, 0x87, 0x04, 0xEE, 0x3D, 0xDA, 0xA9, 0x49, 0x2B, 0x0B, 0xB0, 0x6E,
    0x62, 0xAC, 0xB8, 0x7B, 0x61, 0xF6, 0x9A, 0x0B, 0x1C, 0xAC, 0xFD, 0x9C,
    0xCA, 0xB2, 0xF5, 0x17, 0x0B, 0x8F, 0xCD, 0x57, 0x50, 0xD2, 0x83, 0xEB,
    0xCF, 0x03, 0x44, 0xE6, 0xDF, 0x6D, 0xA7, 0xA5, 0xDB, 0xA3, 0xAC, 0xF3,
    0x57, 0x6F, 0x8B, 0x0B, 0xE3, 0x5C, 0x77, 0xC9, 0xB0, 0xA3, 0x58, 0x8A,
    0x7C, 0xAF, 0xF4, 0xD6, 0x42, 0x65, 0x4F, 0xE6, 0x09, 0xFB, 0x9C, 0x91,
    0x29, 0x92, 0x1A, 0x73, 0x50, 0x68, 0x99, 0x94, 0x8C, 0x62, 0xBE, 0x8B,
    0x12, 0x11, 0xB4, 0xFA, 0x4A, 0x6D, 0xC7, 0x59, 0x8A, 0x02, 0x5D, 0x20,
    0x0A, 0x39, 0x35, 0xDD, 0x9C, 0xBD, 0x96, 0x3E, 0x96, 0xA8, 0x8A, 0xA2,
    0xC3, 0xCC, 0xC2, 0x13, 0x6C, 0x55, 0x28, 0xD4, 0xB4, 0x2E, 0x3B, 0x01,
    0x30, 0x03, 0x51, 0x47, 0x95, 0xD5, 0x67, 0xD5, 0x54, 0xD7, 0x4D, 0x8F,
    0x37, 0xF1, 0x93, 0x47, 0x46, 0xD4, 0x78, 0x40, 0x59, 0xEB, 0x99, 0x00,
    0x95, 0xB2, 0x66, 0x7E, 0x73, 0x5D, 0xA1, 0xEB, 0xEB, 0x2B, 0x48, 0xBA,
    0x30, 0x6B, 0x87, 0xC3, 0xA4, 0x99, 0x0E, 0xEF, 0x1D, 0xA4, 0xB9, 0xC5,
    0xD8, 0xB9, 0x8D, 0xA9, 0x41, 0x5D, 0xB4, 0xDD, 0x58, 0x77, 0xA8, 0xE9,
    0xA1, 0xAD, 0x08, 0xC3, 0x47, 0xF0, 0x5C, 0xE2, 0xAD, 0x14, 0x35, 0x1C,
    0xD2, 0x15, 0x83, 0x9F, 0xFB, 0x11, 0x4E, 0xA2, 0xD7, 0x10, 0xC5, 0x62,
    0xEC, 0xE7, 0x13, 0xB7, 0x3F, 0x5C, 0xF0, 0x2F, 0xC9, 0x76, 0x16, 0x16,
    0x3A, 0xD7, 0xE4, 0x79, 0x08, 0x6E, 0x57, 0x72, 0xB2, 0x73, 0x88, 0xFB,
    0x35, 0xDA, 0x91, 0x90, 0xB6, 0x66, 0x32, 0x04, 0xBA, 0x96, 0xC7, 0xF5,
    0xE0, 0x6B, 0xBD, 0xF2, 0x5A, 0x16, 0xF1, 0x81, 0xA7, 0x8A, 0x44, 0x1F,
    0xCC, 0x14, 0xD8, 0xDE, 0x6F, 0xBA, 0x84, 0xAD, 0x84, 0x4C, 0x46, 0x2C,
    0xE5, 0x61, 0x56, 0x29, 0x96, 0xD7, 0x8F, 0x2B, 0x71, 0xD2, 0xEA, 0x8A,
    0x44, 0x59, 0x5D, 0xCB, 0x7D, 0xCB, 0x92, 0x45, 0xFC, 0x5D, 0xFC, 0xF6,
    0x12, 0x45, 0xFA, 0xF0, 0x40, 0xA6, 0x0E, 0x3F, 0x00, 0xE9, 0x40, 0xBF,
    0x7B, 0xDF, 0xCC, 0xBC, 0xA3, 0xAF, 0xB2, 0xE4, 0x3B, 0x5B, 0x2B, 0xD8,
    0x76, 0x64, 0x1B, 0x2B, 0x96, 0xE0, 0x7E, 0x0E, 0x5C, 0xF7, 0xE2, 0x3F,
    0xA9, 0x6F, 0xE3, 0xB3, 0x55, 0x33, 0xE3, 0x0A, 0x6A, 0x44, 0xC1, 0x14,
    0x82, 0x84, 0x38, 0x6B, 0x15, 0xFB, 0x2D, 0x22, 0x49, 0x62, 0x18, 0xBC,
    0xE7, 0xEA, 0xE2, 0xC1, 0x02, 0x42, 0x55, 0x6D, 0x4B, 0xCC, 0x2A, 0xAB,
    0x03, 0x66, 0x32, 0x8B, 0xEE, 0x50, 0x64, 0xC6, 0x02, 0xFE, 0xFA, 0x53,
    0x83, 0xAC, 0x34, 0x9E, 0xCE, 0x87, 0xA7, 0xDD, 0x32, 0xA6, 0xDC, 0xD6,
    0x27, 0x90, 0x46, 0x86, 0x5F, 0xF6, 0x80, 0x88, 0xF7, 0xE4, 0x9D, 0xEE,
    0x5D, 0x53, 0xB9, 0xE2, 0x3D, 0x63, 0x62, 0x10, 0x0E, 0xBE, 0x81, 0x36,
    0x84, 0xCB, 0x50, 0xE7, 0x60, 0x29, 0x83, 0xE0, 0xE8, 0x0C, 0xC1, 0x3D,
    0xA2, 0x09, 0xC2, 0x77, 0x2B, 0x0C, 0x64, 0x71, 0x77, 0x9B, 0x8E, 0x4D,
    0x5C, 0x52, 0x59, 0x0E, 0x48, 0x89, 0xFF, 0xFE, 0xD2, 0x02, 0xCF, 0x5C,
    0x56, 0x51, 0x8C, 0xDF, 0x40, 0xBA, 0x29, 0x12, 0x00, 0x49, 0x04, 0xC7,
    0x43, 0x3F, 0x5B, 0x9A, 0x40, 0xAA, 0x00, 0x2A, 0x1B, 0x47, 0x46, 0x13,
    0x58, 0x08, 0xA2, 0xC2, 0x29, 0x54, 0x81, 0x3F, 0xBC, 0xD4, 0xB0, 0xC1,
    0xE6, 0x55, 0xCD, 0xDE, 0xCF, 0x2F, 0x46, 0xDC, 0xA6, 0x19, 0xAC, 0x19,
    0x86, 0x04, 0x53, 0x93, 0x2F, 0xFE, 0xF9, 0x1E, 0x6B, 0x00, 0x0D, 0xD2,
    0xEE, 0x35, 0xB8, 0x37, 0x2F, 0xA8, 0xF9, 0xD4, 0x91, 0xED, 0x47, 0x6D,
    0x9A, 0xC4, 0x04, 0x11, 0xBA, 0x2D, 0x64, 0xD3, 0xBF, 0x87, 0x51, 0xBB,
    0x65, 0xA9, 0xCE, 0xFD, 0x38, 0xED, 0xFE, 0x07, 0xAD, 0xDF, 0xEB, 0x2B,
    0x2E, 0x34, 0xCF, 0xEB, 0x7C, 0x3A, 0x56, 0x9C, 0xD0, 0x9F, 0xC2, 0xDB,
    0x9B, 0x66, 0x9D, 0xD0, 0x92, 0x94, 0x1C, 0xC0, 0x31, 0x7C, 0xC3, 0x6A,
    0x1D, 0x02, 0xCC, 0x24, 0xC7, 0x2F, 0x2C, 0x23, 0xD5, 0x33, 0x4D, 0xF7,
    0xDA, 0x4A, 0x18, 0xFE, 0xFD, 0x1D, 0x5C, 0x9A, 0x83, 0xB6, 0xF2, 0x62,
    0xD2, 0x81, 0x54, 0xB6, 0x76, 0x49, 0x6E, 0x69, 0xCA, 0xE2, 0x75, 0x7B,
    0x21, 0xF4, 0xEA, 0x8B, 0x8E, 0xA7, 0xFE, 0x42, 0x85, 0x23, 0x44, 0x8A,
    0x17, 0x45, 0x2E, 0xE4, 0xEB, 0x44, 0x5F, 0x1F, 0xB4, 0x3C, 0x4F, 0x39,
    0x75, 0xF1, 0x5D, 0x32, 0x1F, 0x7F, 0x4D, 0xD4, 0x2B, 0xD3, 0x7B, 0x89,
    0xB6, 0x7C, 0x9A, 0x63, 0xB2, 0x7A, 0x5E, 0x8F, 0xC2, 0xD0, 0xB7, 0x3D,
    0xDA, 0x5B, 0x9E, 0x56, 0xE7, 0xF0, 0x07, 0x27, 0xE1, 0x90, 0xAA, 0x27,
    0xAB, 0x29, 0xFD, 0xD1, 0xAF, 0x31, 0xAE, 0xCA, 0x0E, 0x8B, 0xC2, 0x7E,
    0x16, 0x5D, 0x6A, 0xAA, 0x4E, 0x12, 0x22, 0xB0, 0x25, 0xB8, 0x8F, 0xF9,
    0xA5, 0x6C, 0x4C, 0x0A, 0x7F, 0x12, 0xE6, 0x4A, 0xF5, 0x59, 0xB8, 0x45,
    0xDC, 0xE2, 0x28, 0x7A, 0x83, 0xF0, 0xD5, 0x08, 0xAC, 0x53, 0x34, 0x9D,
    0x9A, 0x9D, 0xAB, 0x93, 0xA8, 0x5B, 0xB0, 0x9B, 0x56, 0x77, 0xD9, 0x07,
    0xB8, 0x70, 0x1E, 0xBB, 0xD8, 0xF5, 0xC2, 0x1D, 0x9F, 0xD7, 0x11, 0x97,
    0x6F, 0x32, 0xC3, 0x71, 0xA7, 0xF1, 0xC2, 0xE7, 0x4E, 0x20, 0xCB, 0xD2,
    0x16, 0x6F, 0xB6, 0x8B, 0x9B, 0x50, 0x0F, 0xCF, 0x0C, 0x00, 0x21, 0x42,
    0x88, 0x80, 0xCD, 0x47, 0x1C, 0xBB, 0x0E, 0xFE, 0x71, 0xDB, 0xC6, 0x88,
    0x3F, 0xA8, 0xAB, 0x38, 0x8C, 0x9D, 0xED, 0xE8, 0xF9, 0xCF, 0x7A, 0x1C,
    0x06, 0xAD, 0xA8, 0xF6, 0x01, 0xF8, 0xCA, 0xCC, 0x3E, 0x03, 0xC3, 0x77,
    0xE1, 0x8D, 0xAF, 0xAD, 0xB2, 0x2D, 0x27, 0xF4, 0x49, 0x5E, 0x2E, 0x82,
    0x8E, 0xE2, 0xEB, 0x2C, 0x94, 0xE0, 0x11, 0xD7, 0x26, 0x95, 0xFC, 0xBA,
    0x8A, 0x3F, 0x86, 0x89, 0x6C, 0x8A, 0x07, 0xAC, 0xED, 0xC7, 0x4D, 0x73,
    0x78, 0x7A, 0x9D, 0x3A, 0x47, 0xA5, 0x74, 0x4C, 0xF8, 0xA9, 0x04, 0x87,
    0x72, 0x43, 0x89, 0x31, 0xE2, 0x95, 0x2D, 0x05, 0x24, 0x1D, 0xC2, 0x9E,
    0xAB, 0x92, 0xC9, 0x46, 0x84, 0xB1, 0x1A, 0x2B, 0xF5, 0xBC, 0xCA, 0x5C,
    0xA0, 0xA0, 0xA6, 0xFF, 0xA7, 0xB0, 0x12, 0x22, 0xCF, 0xF5, 0x27, 0x69,
    0xDA, 0x96, 0x2A, 0xAC, 0x1E, 0x6B, 0x12, 0x23, 0x1E, 0x8E, 0x9A, 0x57,
    0xE6, 0x2D, 0xE6, 0xB9, 0x7F, 0x4E, 0xBE, 0xDF, 0x5D, 0xD9, 0xE4, 0x57,
    0x68, 0xD4, 0x73, 0xBD, 0xEA, 0xCE, 0x66, 0x7F, 0x6D, 0xC9, 0x38, 0x7D,
    0x9F, 0x0D, 0xE0, 0x31, 0x52, 0xA2, 0xE3, 0x84, 0x4E, 0xB8, 0xDC, 0x6B,
    0x7E, 0xD2, 0xFB, 0xB6, 0xB8, 0xD5, 0xBB, 0xF4, 0xE9, 0x6C, 0x1E, 0xB4,
    0x20, 0x0F, 0x77, 0x0D, 0xD5, 0x3F, 0xD4, 0x41, 0x01, 0x2D, 0x40, 0x46,
    0x57, 0x35, 0x12, 0x8F, 0xAE, 0xE6, 0xAC, 0x8F, 0xCF, 0xBA, 0x27, 0x0E,
    0xCA, 0xDC, 0x19, 0x70, 0x20, 0x0F, 0x91, 0x1E, 0x9A, 0xF4, 0xBE, 0x31,
    0x83, 0x3D, 0xCF, 0x41, 0xF2, 0xE5, 0x93, 0x4B, 0xF8, 0x60, 0xC8, 0xE5,
    0x5E, 0x47, 0x22, 0x97, 0x63, 0xE2, 0xFA, 0x30, 0x85, 0x9A, 0x77, 0x38,
    0x7A, 0xBB, 0x46, 0xAD, 0x8C, 0x6A, 0xE2, 0x13, 0xCB, 0x4A, 0xD2, 0xDC,
    0x4D, 0x8A, 0xA7, 0x48, 0x9D, 0xEA, 0xEA, 0xD9, 0x32, 0x33, 0xD7, 0x26,
    0x17, 0x49, 0xE9, 0x02, 0xF5, 0x50, 0xA0, 0x99, 0x46, 0x57, 0x11, 0x42,
    0x54, 0x21, 0x84, 0x85, 0x2B, 0x5D, 0x0F, 0x63, 0xD9, 0x75, 0x4A, 0x7C,
    0xF5, 0x2B, 0xC4, 0xFA, 0x86, 0x63, 0x11, 0x9B, 0x04, 0x2C, 0xD6, 0xE6,
    0x56, 0x56, 0x02, 0xED, 0xF9, 0xDF, 0xBD, 0x9E, 0xE6, 0xF6, 0xA1, 0x6C,
    0x75, 0x7F, 0x73, 0x6E, 0x32, 0x72, 0x26, 0x9E, 0x99, 0xC2, 0x3E, 0xCC,
    0xD7, 0xC2, 0x75, 0xCF, 0x15, 0xF6, 0xD7, 0xA2, 0xC2, 0x18, 0xD3, 0x7D,
    0x71, 0xD3, 0x7D, 0x26, 0x0E, 0x9A, 0xFD, 0xA0, 0xD5, 0x79, 0x95, 0x78,
    0x0F, 0xA5, 0x26, 0xBF, 0xB5, 0xAC, 0xE9, 0x61, 0xB1, 0x51, 0x15, 0x5C,
    0xF0, 0x8B, 0xDE, 0x85, 0x23, 0x38, 0x1A, 0x38, 0x89, 0x04, 0xD2, 0x7A,
    0x51, 0x74, 0xD5, 0xCF, 0xC1, 0x2C, 0x5A, 0xB0, 0x18, 0x26, 0xF5, 0x79,
    0xBE, 0x46, 0xFC, 0xBD, 0x90, 0x7E, 0xC9, 0x83, 0x16, 0x25, 0x70, 0x61,
    0x7D, 0xCD, 0xA2, 0x1A, 0xAC, 0x55, 0xE3, 0x74, 0xA0, 0x1D, 0xAF, 0x80,
    0x1D, 0x26, 0x34, 0xF5, 0x18, 0x8B, 0xEB, 0x44, 0xB4, 0x25, 0xB7, 0x75,
    0xE1, 0xA3, 0x44, 0x73, 0x92, 0x22, 0x72, 0x1C, 0x9F, 0xBF, 0xC8, 0x97,
    0x36, 0x21, 0x8A, 0x16, 0xAF, 0x85, 0xE2, 0x5C, 0xD6, 0x95, 0x76, 0x62,
    0xD7, 0xDE, 0x61, 0x60, 0xBF, 0x12, 0x39, 0xC6, 0x16, 0x30, 0xBF, 0xE5,
    0x49, 0x2E, 0x72, 0xF6, 0xD2, 0x02, 0x70, 0xFD, 0x6A, 0xAA, 0xA4, 0xC9,
    0x8E, 0x2B, 0xC1, 0xC3, 0x7C, 0x13, 0x8B, 0x3A, 0x7F, 0x90, 0x48, 0xAB,
    0xAC, 0x73, 0x8A, 0x89, 0xF9, 0x20, 0x1D, 0xE0, 0x02, 0xD2, 0xE0, 0x0E,
    0x52, 0x2F, 0x85, 0x08, 0x51, 0x12, 0xC0, 0xF2, 0x95, 0x23, 0xA9, 0xCD,
    0xDE, 0x2A, 0x1E, 0x1B, 0x6D, 0x0A, 0x27, 0xBC, 0xE6, 0x57, 0x73, 0x34,
    0xA4, 0xBA, 0x96, 0x70, 0xA5, 0xFD, 0xD7, 0x26, 0xA3, 0xC7, 0x9C, 0x36,
    0xC0, 0x69, 0xAC, 0xF0, 0xDE, 0xFE, 0xB8, 0x98, 0x14, 0xDF, 0x62, 0x85,
    0x6D, 0x81, 0x44, 0x3A, 0xF4, 0x96, 0x0A, 0xF6, 0xB5, 0x0C, 0x36, 0x61,
    0x49, 0xCB, 0x3F, 0xF5, 0x20, 0x16, 0x8D, 0x1A, 0x46, 0x2F, 0x0A, 0x3D,
    0x2B, 0xA6, 0x33, 0x0D, 0xC3, 0x72, 0x85, 0x12, 0xD3, 0xFE, 0x3B, 0x3B,
    0xDA, 0x5F, 0xFE, 0xE8, 0x7B, 0xB6, 0x78, 0x5A, 0x57, 0x53, 0xE7, 0x77,
    0x31, 0xF4, 0x93, 0xB8, 0xB6, 0x83, 0x2E, 0x2D, 0x60, 0xB6, 0x3B, 0xCE,
    0xA3, 0x14, 0x4E, 0x66, 0x67, 0x9B, 0x69, 0xD0, 0x6E, 0x19, 0xB2, 0x66,
    0xB2, 0x01, 0xBB, 0x45, 0x27, 0xF2, 0x0D, 0xC1, 0x7C, 0x8D, 0x21, 0x96,
    0x75, 0x0A, 0xAC, 0x16, 0x68, 0x17, 0x43, 0x55, 0x50, 0x76, 0x58, 0xFD,
    0x42, 0xE7, 0x59, 0x04, 0xB3, 0x30, 0x04, 0xF5, 0x21, 0xC7, 0x42, 0xD7,
    0x80, 0x3E, 0xF4, 0x66, 0x3E, 0xBF, 0xBE, 0xC1, 0x55, 0xBC, 0xDD, 0x6F,
    0xD3, 0xF2, 0x35, 0x8A, 0x15, 0xF9, 0x35, 0xD4, 0x37, 0xC9, 0xBB, 0x70,
    0xE5, 0xE2, 0x1F, 0x94, 0x13, 0xBF, 0xDE, 0x4C, 0x9C, 0xCF, 0xA3, 0x63,
    0x46, 0xFC, 0xCC, 0xF3, 0x03, 0xEC, 0x4F, 0x74, 0x9C, 0xF4, 0x1A, 0xD7,
    0xDE, 0x32, 0xDD, 0x8D, 0xE6, 0xD9, 0x8A, 0x44, 0x17, 0x32, 0xE2, 0x7F,
    0x15, 0x27, 0xC0, 0xB0, 0x6F, 0xB4, 0xCC, 0x7D, 0xAD, 0x5E, 0xE0, 0x4C,
    0x39, 0xF7, 0x8E, 0xCE, 0xA3, 0x68, 0x14, 0xF9, 0xBF, 0x74, 0xCC, 0xB4,
    0xA2, 0xCD, 0x30, 0xC2, 0x26, 0x53, 0x79, 0x0A, 0x00, 0xC9, 0xD2, 0x3E,
    0x21, 0xB3, 0x67, 0x67, 0xB6, 0x19, 0x12, 0xFC, 0x51, 0x3D, 0x62, 0x51,
    0x3F, 0x6A, 0x82, 0x5A, 0xE8, 0x80, 0xC5, 0x4B, 0xF7, 0x49, 0x3A, 0x53,
    0x9E, 0xC2, 0xB3, 0x11, 0xB5, 0x46, 0x0C, 0x53, 0x8B, 0xB3, 0xF8, 0x59,
    0x91, 0x83, 0xE2, 0x32, 0x13, 0xCD, 0x49, 0x05, 0xD6, 0x14, 0x5F, 0x4F,
    0x02, 0x7B, 0x66, 0xE7, 0x16, 0x9A, 0x12, 0xA2, 0xE0, 0x78, 0x17, 0x7E,
    0xBD, 0xEC, 0xA5, 0x20, 0x52, 0xA3, 0x6D, 0xCC, 0xC8, 0x4C, 0x10, 0x86,
    0xD1, 0x7A, 0x53, 0x71, 0xC4, 0x6C, 0xAC, 0x8B, 0x48, 0x68, 0x39, 0x19,
    0xC5, 0xB4, 0x89, 0xF4, 0x90, 0x3C, 0x89, 0x16, 0x59, 0x5A, 0x50, 0x42,
    0x9D, 0xE2, 0x2D, 0xD1, 0x9A, 0x0E, 0xD0, 0x49, 0x6D, 0x94, 0x41, 0x37,
    0x84, 0x9E, 0xBD, 0x92, 0x88, 0x1F, 0x23, 0x9D, 0xCA, 0xF0, 0xEF, 0xA5,
    0x67, 0x52, 0xE5, 0x47, 0x54, 0x48, 0xAF, 0x72, 0xB0, 0xE1, 0x6C, 0x1C,
    0xF2, 0x1C, 0xBC, 0x67, 0xE7, 0x1B, 0x76, 0xFD, 0x1C, 0xFF, 0x4D, 0xCD,
    0x7A, 0x20, 0xBF, 0x9F, 0x49, 0xBA, 0x26, 0x2C, 0x8D, 0x3C, 0x23, 0xB4,
    0xE6, 0x07, 0xC6, 0x3C, 0xAD, 0xE5, 0x30, 0x97, 0xE5, 0x0B, 0xAB, 0x63,
    0xB4, 0xC2, 0x0C, 0x33, 0x69, 0x4A, 0x93, 0xAC, 0xFA, 0x06, 0x8A, 0x59,
    0x58, 0x1C, 0xEA, 0xE5, 0x78, 0xD9, 0x25, 0x87, 0xD9, 0xE5, 0x05, 0x74,
    0x26, 0xFE, 0x1C, 0xC2, 0x00, 0xFE, 0xDF, 0xAF, 0xE1, 0x75, 0x2D, 0x47,
    0x22, 0x35, 0x5F, 0x68, 0x24, 0x49, 0xF9, 0x8E, 0xE7, 0x35, 0x3E, 0xE9,
    0xBF, 0xF2, 0x14, 0xDD, 0xBB, 0x97, 0x68, 0xB8, 0x76, 0x36, 0xA8, 0x76,
    0xD9, 0xBF, 0x1D, 0xB5, 0x59, 0xAB, 0x3E, 0x37, 0x7F, 0x73, 0xC1, 0xAA,
    0x78, 0x00, 0xC8, 0xD3, 0xB5, 0xE6, 0x77, 0x87, 0x3F, 0x86, 0x31, 0x59,
    0xD5, 0x9E, 0x90, 0xDC, 0xD5, 0x2C, 0x0D, 0x2A, 0x1F, 0x27, 0x32, 0xC4,
    0xE4, 0xE4, 0x49, 0x35, 0x8E, 0x56, 0x27, 0xB9, 0xBD, 0xB2, 0x28, 0x91,
    0x38, 0x4A, 0x18, 0x69, 0xD7, 0x88, 0x7E, 0x22, 0x59, 0x7D, 0x37, 0x25,
    0x81, 0x54, 0x1B, 0x80, 0xFF, 0x25, 0x47, 0xC2, 0xD5, 0x66, 0x3E, 0x33,
    0x1B, 0x9E, 0x62, 0x15, 0xDF, 0x45, 0xA2, 0x65, 0x38, 0xDD, 0x2C, 0x06,
    0x6E, 0x17, 0xC3, 0x86, 0xE2, 0x53, 0x60, 0xC5, 0x4C, 0x54, 0xFC, 0x4F,
    0x16, 0x78, 0xB9, 0x2E, 0x01, 0xA8, 0xBC, 0xF9, 0x58, 0x29, 0xF7, 0x0B,
    0xA0, 0x6A, 0x16, 0xB7, 0xDA, 0x35, 0x1D, 0x1D, 0x6C, 0xE8, 0x96, 0x7E,
    0x0A, 0x7E, 0x0D, 0x26, 0x3C, 0x3A, 0x6C, 0x2A, 0x24, 0x28, 0x60, 0x2D,
    0x61, 0xFE, 0x9C, 0x39, 0x4C, 0x91, 0x6F, 0x84, 0xD0, 0xF8, 0xE6, 0xED,
    0x7B, 0x6C, 0xB9, 0x5C, 0xD2, 0xD9, 0x8F, 0xA5, 0x83, 0xCE, 0xD9, 0x94,
    0x67, 0x35, 0xE8, 0x28, 0xAC, 0x76, 0x7D, 0x0B, 0x33, 0x42, 0x20, 0x06,
    0xF5, 0x5D, 0x43, 0xCB, 0x95, 0xD6, 0xEB, 0x02, 0x79, 0x40, 0x6F, 0xA5,
    0x5C, 0x68, 0xC7, 0x30, 0xCB, 0x8F, 0x86, 0x3E, 0x52, 0x7D, 0x5E, 0xF2,
    0x4E, 0x02, 0xF8, 0x25, 0xB1, 0x3E, 0x92, 0x21, 0x44, 0x79, 0x07, 0xF5,
    0xC0, 0x1A, 0x2D, 0x83, 0x0B, 0xC1, 0xC5, 0x1E, 0xD0, 0x6B, 0x14, 0xEB,
    0x56, 0x6B, 0xBF, 0xDF, 0xBD, 0x17, 0x90, 0x97, 0xD2, 0x56, 0x09, 0xFE,
    0x3B, 0x08, 0xC1, 0x86, 0x78, 0x1E, 0x2A, 0x76, 0xBC, 0x6A, 0x9D, 0xD3,
    0x1D, 0x36, 0x68, 0x3A, 0x45, 0x45, 0x3C, 0xBD, 0x1E, 0x7B, 0x68, 0x7E,
    0x2F, 0x7F, 0xB3, 0x29, 0x12, 0x73, 0x17, 0xB4, 0x24, 0xA8, 0xA9, 0x6D,
    0x79, 0xF4, 0x82, 0x5B, 0xAE, 0xEE, 0xE3, 0xCE, 0x58, 0x37, 0x47, 0x59,
    0x50, 0x62, 0x6D, 0x1E, 0xE6, 0x59, 0x95, 0xBE, 0x0B, 0xB1, 0x72, 0x59,
    0xFD, 0x72, 0x5F, 0x83, 0xF6, 0x26, 0x85, 0x71, 0x81, 0xC9, 0x2B, 0xB7,
    0xB6, 0x43, 0x4B, 0x58, 0xAC, 0x64, 0x8F, 0x3E, 0x2B, 0x40, 0xAD, 0x83,
    0xBF, 0xFF, 0x30, 0x32, 0xA9, 0x87, 0x9E, 0xF8, 0x4C, 0x5B, 0x6C, 0x85,
    0x54, 0x16, 0x6D, 0x00, 0x1C, 0x69, 0xC2, 0x31, 0x45, 0x57, 0x54, 0xC4,
    0xE3, 0xA4, 0xA8, 0x68, 0x3A, 0x96, 0xD1, 0x76, 0xF6, 0x32, 0x33, 0x2D,
    0x67, 0xED, 0x66, 0x00, 0x48, 0x51, 0xFA, 0x8D, 0x08, 0xF4, 0x29, 0x94,
    0x37, 0x6E, 0x2E, 0x81, 0xAF, 0x2E, 0x00, 0x2B, 0xFB, 0xB7, 0x07, 0x63,
    0x0D, 0x97, 0xC0, 0xE2, 0x9F, 0x74, 0xCD, 0xB7, 0xB2, 0x21, 0x0A, 0x91,
    0x07, 0xD4, 0xBF, 0x46, 0x85, 0x98, 0x08, 0x29, 0x66, 0x26, 0x40, 0x12,
    0xBA, 0xCA, 0x8F, 0x7D, 0x62, 0x5C, 0x64, 0xFC, 0x83, 0x7F, 0x90, 0xE4,
    0xED, 0x29, 0xE1, 0x59, 0x9E, 0x0B, 0x1C, 0x12, 0xB7, 0xA0, 0x51, 0xC1,
    0x4F, 0x7D, 0x5B, 0x29, 0x48, 0x44, 0x22, 0xA2, 0xE0, 0x50, 0x83, 0xD3,
    0x73, 0x7A, 0x33, 0xA8, 0x3D, 0xBE, 0x70, 0xBA, 0x85, 0xC9, 0x1E, 0x8E,
    0xD2, 0xD2, 0x47, 0x13, 0x37, 0xB2, 0xA3, 0xB3, 0x2E, 0x62, 0xA9, 0x97,
    0xE7, 0x9A, 0x0B, 0xF6, 0xF0, 0xD3, 0xAD, 0xDD, 0xCB, 0x4D, 0x2C, 0x99,
    0x49, 0x88, 0x20, 0xCB, 0x24, 0xF0, 0x21, 0x8A, 0x0A, 0x6C, 0x6C, 0x31,
    0x51, 0x03, 0x93, 0x7E, 0xB0, 0x43, 0x06, 0xD7, 0x19, 0x99, 0x7A, 0x82,
    0xA5, 0x6B, 0x59, 0x89, 0x1C, 0x42, 0x04, 0x97, 0xCA, 0xA4, 0x6D, 0x87,
    0x66, 0xFB, 0x49, 0x7A, 0x4E, 0x5B, 0xF6, 0x08, 0x67, 0x82, 0x42, 0x74,
    0x2C, 0x42, 0xD7, 0x53, 0x7D, 0x45, 0xE4, 0x8F, 0x36, 0xEC, 0x0C, 0x3B,
    0x0D, 0x04, 0xB0, 0x6F, 0x1A, 0x75, 0x51, 0x36, 0x18, 0xCE, 0xF8, 0x4D,
    0x13, 0xBD, 0x68, 0x77, 0x29, 0xD3, 0x96, 0x49, 0xC4, 0x0D, 0xF4, 0x72,
    0x33, 0x2A, 0x5A, 0x9D, 0x89, 0x09, 0xAA, 0xF2, 0x78, 0xB3, 0x5E, 0x2A,
    0x78, 0xCA, 0x55, 0xCF, 0xF0, 0xA3, 0x2C, 0x2F, 0x8D, 0x25, 0x27, 0x63,
    0x62, 0xA4, 0xFB, 0xF4, 0x94, 0x28, 0x13, 0x3A, 0x42, 0x4D, 0xB9, 0x03,
    0xD9, 0x71, 0xD8, 0x6B, 0x29, 0xB2, 0xAA, 0x79, 0xB4, 0xEB, 0x44, 0x0B,
    0x79, 0xDC, 0x6B, 0x15, 0x19, 0x44, 0xAD, 0x02, 0x65, 0x02, 0x54, 0xA9,
    0x82, 0x16, 0xAD, 0x85, 0x22, 0xF1, 0x54, 0x1F, 0xA4, 0x3F, 0x80, 0x0D,
    0xD1, 0x9D, 0x97, 0x49, 0xF2, 0x22, 0x5A, 0xCD, 0xEC, 0xA9, 0xDB, 0xFE,
    0xF3, 0xEA, 0x0E, 0xDB, 0x1E, 0xA4, 0x59, 0x48, 0x91, 0xD3, 0x47, 0x01,
    0x88, 0x59, 0x2D, 0x33, 0x44, 0xBE, 0x27, 0x25, 0x42, 0x54, 0xA9, 0x53,
    0x4E, 0x06, 0x87, 0x26, 0x3B, 0x39, 0x46, 0xDC, 0x7D, 0xC6, 0x73, 0x24,
    0xA1, 0x20, 0x4C, 0x23, 0xD4, 0x79, 0xDD, 0x60, 0x3F, 0x05, 0xE5, 0x59,
    0xE2, 0xFF, 0x87, 0xA9, 0x04, 0x9C, 0x79, 0xEE, 0x65, 0x2E, 0x5C, 0xB6,
    0x36, 0x6C, 0x6C, 0xA7, 0x0E, 0x9B, 0x88, 0x58, 0x35, 0xDD, 0xD3, 0x71,
    0x00, 0x2D, 0x85, 0xAF, 0x87, 0x92, 0x3B, 0x42, 0x99, 0x34, 0x60, 0x8C,
    0x79, 0xEE, 0xD3, 0x5E, 0x55, 0x98, 0xC8, 0x0D, 0x45, 0x95, 0xCE, 0xF4,
    0x77, 0x56, 0xE9, 0x6B, 0xB4, 0x27, 0xB4, 0x7C, 0x16, 0x1E, 0x69, 0x1F,
    0x7F, 0xFD, 0x8E, 0xCD, 0x8A, 0x81, 0xDA, 0x13, 0x6A, 0xF0, 0x54, 0x8C,
    0x0E, 0x53, 0xBA, 0x2E, 0x65, 0x5F, 0x7A, 0x5C, 0x27, 0x7F, 0x68, 0x22,
    0x9C, 0x96, 0xB8, 0xC8, 0x77, 0xDF, 0x16, 0xD3, 0x9F, 0xC8, 0x32, 0x2B,
    0x20, 0x61, 0x73, 0xC8, 0xC4, 0x7A, 0x1D, 0x4A, 0xC4, 0x47, 0xEE, 0x9C,
    0xD0, 0xA3, 0x6E, 0x4C, 0xF3, 0x72, 0x3B, 0x2F, 0xC7, 0xBA, 0xB5, 0x2F,
    0xAA, 0x3A, 0x47, 0xEB, 0x7C, 0xD2, 0x1C, 0x8F, 0x0B, 0x97, 0x49, 0x39,
    0x9B, 0x65, 0x9F, 0x64, 0xAC, 0xD2, 0xF9, 0x88, 0xB2, 0xA3, 0xCA, 0x3F,
    0x79, 0xF5, 0xC7, 0xF3, 0x46, 0x71, 0xD8, 0x0B, 0xD8, 0xF6, 0xCE, 0x47,
    0x71, 0xBD, 0xDC, 0xAB, 0x50, 0x23, 0xDD, 0x0A, 0x1A, 0x33, 0xB3, 0x77,
    0x6D, 0x7C, 0x0F, 0xBC, 0xBD, 0xFB, 0x83, 0xC8, 0xC5, 0xDB, 0xF2, 0xAD,
    0x5A, 0x20, 0xF4, 0x22, 0x4F, 0x2F, 0xAB, 0x9A, 0x16, 0x3E, 0xE0, 0x26,
    0xA1, 0xD2, 0x97, 0xBD, 0xBD, 0xF6, 0xBE, 0x7B, 0x4A, 0x0C, 0xA3, 0xBA,
    0x54, 0x38, 0x05, 0xF2, 0xF3, 0x27, 0xF6, 0x19, 0x6D, 0xE9, 0xED, 0x37,
    0x49, 0x10, 0x68, 0xE4, 0x46, 0x0F, 0x82, 0xC9, 0x46, 0xBC, 0x2F, 0x4A,
    0x8C, 0x30, 0x23, 0x42, 0xDA, 0xDB, 0xFD, 0x34, 0x4F, 0xA8, 0xC3, 0x47,
    0x96, 0x79, 0x05, 0x66, 0x00, 0x2F, 0x95, 0x33, 0xB6, 0x92, 0x16, 0x75,
    0xC0, 0xC8, 0x60, 0x05, 0x88, 0xFE, 0x72, 0x6D, 0x8E, 0xE3, 0x42, 0xAB,
    0x41, 0x71, 0xC5, 0x20, 0x6D, 0xAA, 0xF6, 0xE9, 0x5F, 0xF3, 0x6C, 0x21,
    0xB5, 0x27, 0xD4, 0x9B, 0x2C, 0x47, 0xFD, 0x0D, 0x3E, 0x3B, 0xA4, 0x5F,
    0xB5, 0x08, 0x13, 0x43, 0xF6, 0xF0, 0xA9, 0x15, 0x57, 0xB5, 0xFD, 0x58,
    0x4C, 0xE6, 0xB2, 0x34, 0x85, 0xCC, 0x10, 0x09, 0xD3, 0x4A, 0x65, 0x47,
    0x14, 0x37, 0x4A, 0x76, 0xC7, 0xD3, 0x3E, 0x32, 0xA4, 0x75, 0xEB, 0x03,
    0x21, 0x1C, 0x77, 0x44, 0x57, 0xB7, 0x7C, 0xD1, 0xA6, 0xE4, 0xB0, 0xFE,
    0x8D, 0x73, 0x8B, 0x5B, 0x53, 0x02, 0xA7, 0xA3, 0xAB, 0xF5, 0x59, 0x62,
    0xBE, 0x98, 0xA9, 0xDD, 0x71, 0x07, 0xE4, 0x66, 0x10, 0xA4, 0x78, 0x3B,
    0x1C, 0x87, 0x8D, 0x93, 0xCF, 0xCE, 0x05, 0x86, 0x2D, 0xB5, 0x7C, 0xB2,
    0xF9, 0x11, 0xA9, 0x28, 0x88, 0x0A, 0x7F, 0x3F, 0xF7, 0x57, 0xA9, 0x03,
    0xD5, 0x9E, 0x34, 0x2B, 0x02, 0x8C, 0xA1, 0xF3, 0x91, 0x6B, 0x46, 0x9C,
    0x78, 0x51, 0x1F, 0x2C, 0x21, 0xA0, 0xE0, 0x3F, 0xB7, 0x4B, 0x9E, 0xE2,
    0xF3, 0x66, 0xEB, 0x0B, 0x38, 0xA3, 0x67, 0x8E, 0x26, 0xDF, 0xDB, 0x22,
    0x76, 0x37, 0x5A, 0xB0, 0xD2, 0x88, 0x65, 0x50, 0xD7, 0x33, 0x76, 0x1A,
    0x93, 0xB1, 0x51, 0x0E, 0xD2, 0xA1, 0xDC, 0xCA, 0xC4, 0xE7, 0x22, 0x4C,
    0x18, 0x42, 0x67, 0x95, 0xE2, 0xCF, 0xF5, 0xFE, 0xB3, 0x05, 0xBC, 0xFF,
    0xF6, 0x58, 0x11, 0x7A, 0x44, 0xD1, 0x7A, 0x1E, 0x01, 0x88, 0xD0, 0x96,
    0x3C, 0x3B, 0x11, 0xB6, 0x32, 0x0A, 0x03, 0x7F, 0x7A, 0xA5, 0x8D, 0x09,
    0x99, 0xE9, 0xBD, 0x4E, 0x6A, 0x1A, 0xA5, 0xAD, 0xC4, 0x80, 0x46, 0x73,
    0xAD, 0xC4, 0xA0, 0x48, 0x47, 0x0F, 0x2B, 0x13, 0xE8, 0xF8, 0xF1, 0x6B,
    0xB4, 0x14, 0x99, 0xFF, 0xFC, 0xF1, 0x40, 0xDA, 0x10, 0xB6, 0x86, 0xF4,
    0xF8, 0xC5, 0xB0, 0xA7, 0x30, 0xFB, 0x80, 0x25, 0xD5, 0x78, 0x4C, 0xE4,
    0xA4, 0x13, 0x66, 0xC8, 0x9E, 0x18, 0xFD, 0xB2, 0xA2, 0xC7, 0xDE, 0x38,
    0x85, 0xED, 0x80, 0x57, 0xB0, 0xFC, 0x81, 0x70, 0x74, 0xE2, 0xE8, 0x6E,
    0x4E, 0x17, 0xE0, 0x95, 0x71, 0xE7, 0xCC, 0x9D, 0x1D, 0x03, 0x4A, 0x77,
    0x39, 0x88, 0x22, 0x61, 0x4F, 0xA6, 0x8F, 0x35, 0xEF, 0x18, 0x4A, 0x08,
    0xAD, 0xB2, 0x2B, 0xE0, 0x28, 0x83, 0xB7, 0xFC, 0xAF, 0x14, 0x23, 0xF3,
    0xB4, 0x3B, 0x04, 0xA0, 0xAA, 0x69, 0xED, 0x54, 0xB6, 0x8C, 0x66, 0x8D,
    0xE7, 0x3D, 0x93, 0x28, 0xDA, 0xD6, 0x5F, 0x03, 0x8C, 0x55, 0xD8, 0x3B,
    0xCF, 0x40, 0x7B, 0x86, 0xFB, 0x0C, 0x87, 0x1D, 0x9F, 0x6F, 0xCA, 0xD2,
    0x00, 0xA6, 0x14, 0xA9, 0xF9, 0x0C, 0x5B, 0xD3, 0x0F, 0xFD, 0x33, 0x2D,
    0xCF, 0x23, 0xE1, 0xFB, 0xD6, 0xE2, 0xF0, 0xD0, 0x76, 0x99, 0xBA, 0x95,
    0x52, 0x63, 0x6B, 0x48, 0xBB, 0xC6, 0xD1, 0xF0, 0xA0, 0xA8, 0x8F, 0x5F,
    0x5C, 0x86, 0x71, 0x38, 0xCC, 0x2A, 0xBB, 0x1A, 0x70, 0x66, 0x90, 0x13,
    0x7E, 0x67, 0x64, 0xB2, 0x86, 0x27, 0x1D, 0xA5, 0x45, 0xEF, 0xBB, 0x85,
    0x67, 0x1B, 0xA3, 0x65, 0x1B, 0x39, 0x1B, 0x99, 0xFB, 0xD4, 0xA9, 0x36,
    0xAE, 0x04, 0xD8, 0xC2, 0x22, 0x3B, 0x18, 0xEF, 0x55, 0x7D, 0xD0, 0xE0,
    0x67, 0xD3, 0xC4, 0x45, 0xCC, 0x57, 0xF1, 0xA5, 0x1E, 0x2E, 0x21, 0xA2,
    0x67, 0x97, 0xDC, 0xA4, 0x35, 0x07, 0xE7, 0x92, 0x33, 0xFC, 0xA2, 0x3B,
    0x12, 0x3A, 0xA2, 0xE1, 0x95, 0xE5, 0x70, 0x4C, 0xEF, 0x62, 0xB9, 0x29,
    0xBF, 0xDC, 0xFF, 0xAA, 0xB3, 0x06, 0x6E, 0x6F, 0x61, 0x64, 0x05, 0x07,
    0x03, 0x49, 0xD8, 0x55, 0x4A, 0x84, 0xD3, 0x22, 0x11, 0x82, 0x75, 0xB4,
    0x7D, 0x19, 0x59, 0x2A, 0x57, 0x97, 0xE5, 0x03, 0xA8, 0xF4, 0x0E, 0x47,
    0xC0, 0xEA, 0xD9, 0xDE, 0xFC, 0x29, 0x50, 0x93, 0xC6, 0xCA, 0x99, 0xE5,
    0x5B, 0xF4, 0x55, 0xA6, 0x71, 0x4A, 0x38, 0x2F, 0x95, 0x1A, 0xDA, 0x20,
    0x97, 0xE9, 0x7C, 0x68, 0x92, 0x34, 0x4F, 0xDB, 0x18, 0x19, 0x2E, 0x3B,
    0x66, 0xBD, 0x7F, 0x9F, 0x8D, 0x4C, 0x1C, 0x87, 0x4A, 0x48, 0xDC, 0x18,
    0xBF, 0x21, 0x67, 0xB4, 0x9E, 0x9F, 0x7A, 0x2B, 0x89, 0xB1, 0x0C, 0xCD,
    0x93, 0x02, 0x93, 0x1C, 0x9B, 0x7D, 0x34, 0x8B, 0x33, 0x5F, 0x22, 0xAD,
    0x6D, 0x76, 0x7D, 0x7D, 0x21, 0x54, 0x0F, 0x68, 0x12, 0x90, 0x2E, 0xED,
    0x90, 0x14, 0x15, 0x7E, 0x4E, 0xEC, 0x79, 0xDC, 0x9E, 0x87, 0x3A, 0x07,
    0xDF, 0x92, 0x3D, 0x23, 0x1C, 0x68, 0xEE, 0xE3, 0x8A, 0xB5, 0xDB, 0x04,
    0xFD, 0x7B, 0x5F, 0x57, 0x2E, 0x39, 0x52, 0xD4, 0x75, 0x8E, 0x81, 0x0A,
    0x9C, 0x82, 0x39, 0x08, 0xD0, 0x88, 0x9B, 0x81, 0x47, 0x5C, 0xD7, 0xC2,
    0x5D, 0xBF, 0x5F, 0x7D, 0x6D, 0xD5, 0xC3, 0xEF, 0x28, 0xBE, 0xE6, 0xEE,
    0x08, 0xF5, 0xE9, 0xB6, 0x03, 0x08, 0xE7, 0xD3, 0x10, 0x01, 0xF4, 0xCE,
    0x9F, 0xA3, 0xD5, 0x4E, 0xD6, 0x63, 0x93, 0x5E, 0x4A, 0x02, 0x59, 0xB6,
    0xE0, 0x42, 0xBC, 0x07, 0x33, 0x72, 0xC1, 0xA6, 0x66, 0x34, 0x8F, 0x75,
    0xFD, 0xE2, 0xE3, 0x84, 0x3B, 0x7B, 0x28, 0x59, 0xAF, 0xFC, 0xBA, 0x98,
    0x16, 0xE7, 0xFE, 0x7A, 0x4E, 0xCF, 0xE3, 0xA8, 0x33, 0x7A, 0xA4, 0xB0,
    0xF1, 0xD8, 0xF5, 0x65, 0x3A, 0x62, 0xBE, 0x31, 0xF2, 0xA5, 0xDD, 0x62,
    0x05, 0xF1, 0x7D, 0x15, 0xD9, 0x90, 0x14, 0x47, 0x43, 0x7E, 0x5F, 0x5C,
    0xBF, 0x53, 0x55, 0x73, 0x56, 0x2D, 0x1C, 0xA9, 0x04, 0x88, 0x54, 0x05,
    0x74, 0x6A, 0xDD, 0xF4, 0x5C, 0x25, 0x5D, 0x8C, 0x6E, 0x30, 0x12, 0x20,
    0xE3, 0x3A, 0xE4, 0xE3, 0xEC, 0xE3, 0x2F, 0x11, 0x29, 0x59, 0xA2, 0xE8,
    0xFD, 0x27, 0xDB, 0xF4, 0x30, 0x64, 0x1D, 0x39, 0xE8, 0x0E, 0xC6, 0x3F,
    0xA7, 0x1F, 0xF5, 0x38, 0x9D, 0x22, 0xEF, 0xAB, 0x5D, 0x45, 0x36, 0x4C,
    0xCD, 0xDB, 0x7C, 0xAC, 0xF9, 0x70, 0xE2, 0x21, 0xBE, 0x7C, 0x89, 0xEA,
    0xE0, 0xCC, 0xBB, 0x96, 0xB6, 0x22, 0x05, 0x40, 0x5F, 0x98, 0x0F, 0x44,
    0xE0, 0x5F, 0x0A, 0x30, 0xD0, 0xB0, 0x46, 0x3C, 0x02, 0xFD, 0x58, 0x1D,
    0x4E, 0x30, 0xAA, 0x74, 0x03, 0x5D, 0xED, 0x7E, 0x83, 0x0C, 0xA2, 0xFF,
    0xC1, 0xF6, 0x69, 0x15, 0x61, 0x53, 0xA4, 0xD5, 0xC4, 0x77, 0x28, 0xF4,
    0x51, 0x0A, 0x34, 0x6E, 0x73, 0xDE, 0x1E, 0x07, 0x09, 0xBE, 0x48, 0x4F,
    0x81, 0xB1, 0x1B, 0x02, 0x9C, 0xEE, 0x67, 0x5E, 0x35, 0x87, 0xB6, 0xAA,
    0x0D, 0x1B, 0xB3, 0x6B, 0x98, 0x66, 0xE9, 0x7B, 0xCF, 0xB2, 0x23, 0x56,
    0x7E, 0x03, 0x9B, 0x40, 0xE5, 0xB6, 0xCC, 0x88, 0x2C, 0x68, 0x29, 0x5B,
    0xC6, 0x89, 0x28, 0xA4, 0x85, 0xC7, 0xD3, 0x14, 0x7F, 0xD3, 0xF9, 0x10,
    0x1B, 0xF7, 0xAB, 0xBA, 0xCC, 0xCB, 0xAB, 0x20, 0xA1, 0x8A, 0xD5, 0x37,
    0x91, 0x89, 0xD8, 0xB3, 0xF3, 0x91, 0xC1, 0x3D, 0x5A, 0x2C, 0x2E, 0x45,
    0x35, 0xAF, 0x83, 0x07, 0xE2, 0xE5, 0x93, 0x9A, 0xD0, 0x0C, 0x28, 0xFA,
    0x88, 0x73, 0x35, 0x40, 0x83, 0x91, 0x85, 0xBF, 0x74, 0x5D, 0x77, 0x9D,
    0x6F, 0x5F, 0xDC, 0x40, 0xDD, 0xD6, 0x3C, 0x53, 0xAF, 0x9F, 0xAA, 0x53,
    0x4A, 0xE4, 0x6F, 0xA7, 0xA7, 0x94, 0xAF, 0xBB, 0x67, 0xD8, 0x77, 0x41,
    0xAB, 0x92, 0xF5, 0x69, 0x9C, 0x61, 0x73, 0x42, 0xA2, 0x86, 0xF8, 0xFF,
    0x94, 0x5A, 0x73, 0xE1, 0x8D, 0x10, 0x25, 0x11, 0xFA, 0xC4, 0xFC, 0xF9,
    0x62, 0x2B, 0x51, 0x3F, 0xAC, 0xD9, 0xA0, 0x11, 0x3B, 0x69, 0xB2, 0x48,
    0x86, 0xC5, 0x80, 0xBA, 0xD7, 0xFD, 0xAA, 0xC3, 0xE7, 0xDD, 0xC5, 0x45,
    0x35, 0x81, 0x0D, 0xA2, 0x23, 0xAF, 0x70, 0x88, 0x7B, 0x9C, 0x7D, 0x95,
    0xF0, 0xC7, 0x66, 0xEB, 0x9C, 0x4A, 0x39, 0x15, 0x48, 0xB9, 0xE8, 0x4E,
    0x91, 0x08, 0xB1, 0x64, 0xC3, 0x22, 0xE6, 0xBD, 0x1A, 0xE8, 0x30, 0xF7,
    0x5E, 0xD9, 0x15, 0x10, 0xAD, 0x6E, 0x66, 0x42, 0x27, 0xCC, 0x77, 0x3A,
    0xCB, 0x01, 0x99, 0xBC, 0x29, 0x3A, 0xE9, 0xBD, 0xE6, 0xD9, 0x29, 0xC4,
    0x97, 0x65, 0xD0, 0x52, 0x40, 0x9D, 0x05, 0x04, 0xF4, 0x38, 0x16, 0x98,
    0x9F, 0xE7, 0x24, 0x55, 0xA5, 0xD8, 0x56, 0x25, 0x86, 0xD4, 0x00, 0x9E,
    0xAC, 0xAD, 0xD1, 0xDA, 0x2B, 0xEE, 0x3A, 0x25, 0xB2, 0x7C, 0x42, 0x83,
    0x61, 0xB9, 0x7E, 0x3A, 0xBA, 0x6C, 0x85, 0x4F, 0x60, 0xD7, 0x9F, 0xF4,
    0xC0, 0xAC, 0xB6, 0x88, 0x22, 0xD0, 0xC8, 0x6C, 0x99, 0xD2, 0x22, 0x8A,
    0xE1, 0x15, 0xEF, 0x2A, 0xC5, 0x3E, 0x6F, 0x17, 0xCE, 0x79, 0x45, 0xDD,
    0x05, 0x29, 0x17, 0x79, 0x96, 0xC2, 0x55, 0x7C, 0xF1, 0xAB, 0x98, 0x33,
    0x90, 0x7E, 0x70, 0x63, 0x2E, 0xD7, 0xD2, 0xC0, 0x48, 0xFA, 0x22, 0x59,
    0xF9, 0xBB, 0x52, 0x8E, 0x30, 0x41, 0x38, 0xDD, 0x5B, 0xB4, 0x6A, 0x53,
    0xC1, 0x81, 0x16, 0x7F, 0x98, 0x12, 0xAE, 0x46, 0xF6, 0x96, 0x6D, 0x1E,
    0x7A, 0xCF, 0x4B, 0xB1, 0xCA, 0xA6, 0xDB, 0x99, 0xFB, 0x49, 0x26, 0x03,
    0x1E, 0xCE, 0xD9, 0xCE, 0xE9, 0x6F, 0x5C, 0x92, 0x7E, 0xBB, 0x5D, 0xF8,
    0x30, 0x03, 0x02, 0xB4, 0x6E, 0x51, 0x90, 0x72, 0xEE, 0x4F, 0x50, 0x02,
    0xB7, 0x29, 0xBB, 0x6F, 0x75, 0x03, 0xCE, 0xB7, 0xE6, 0xE9, 0x85, 0x5B,
    0x1B, 0xF7, 0xC2, 0xC4, 0x15, 0x67, 0x8A, 0xE5, 0x4E, 0x64, 0xC0, 0xAA,
    0x39, 0x52, 0xAC, 0xEC, 0xF7, 0x4E, 0x0C, 0xD2, 0x64, 0xFA, 0x52, 0x54,
    0xF7, 0xC5, 0x8E, 0x2F, 0xE6, 0xE0, 0x41, 0x77, 0xC7, 0xD7, 0x4B, 0x22,
    0x31, 0xC5, 0x06, 0xF9, 0x76, 0xFF, 0x9A, 0xFD, 0x78, 0xE7, 0xDF, 0x10,
    0x78, 0xFE, 0x9B, 0x8E, 0xDB, 0xFF, 0x42, 0xBE, 0xF7, 0x30, 0x1C, 0x9E,
    0x4F, 0xB8, 0x71, 0x2C, 0x18, 0xA7, 0xA7, 0x70, 0x65, 0xDC, 0xCF, 0xC3,
    0x76, 0x77, 0x1D, 0xE0, 0xD2, 0x03, 0x44, 0x5F, 0x58, 0x1A, 0x1E, 0x86,
    0xF3, 0x6E, 0xFD, 0x0B, 0x49, 0xAC, 0x74, 0x38, 0xEB, 0x90, 0x39, 0x5F,
    0xAE, 0x7C, 0x7F, 0x57, 0x71, 0x60, 0x06, 0x67, 0x0E, 0x65, 0x3B, 0x06,
    0x58, 0xDB, 0xBD, 0x9B, 0x67, 0x07, 0xC8, 0x3E, 0x4E, 0xE7, 0xFB, 0xF4,
    0xF4, 0x0A, 0x97, 0x18, 0xDA, 0x6D, 0x4D, 0x3C, 0x1C, 0x5F, 0xBF, 0x55,
    0xC2, 0xF1, 0x95, 0x28, 0x53, 0xCB, 0xD4, 0xA9, 0x27, 0x99, 0x18, 0x4F,
    0x1F, 0x3A, 0xC2, 0x73, 0x9A, 0x9B, 0x8B, 0x36, 0x17, 0xF6, 0x21, 0xCD,
    0xC7, 0xC9, 0x02, 0x7F, 0x91, 0xA7, 0x06, 0x74, 0x18, 0x52, 0x5C, 0x56,
    0x00, 0x59, 0xB1, 0xA8, 0x6E, 0xB8, 0xC2, 0xA8, 0xD1, 0x13, 0x05, 0x61,
    0xFC, 0x7B, 0x41, 0x6A, 0x7D, 0x6F, 0x8A, 0x37, 0x23, 0x59, 0x84, 0x70,
    0x29, 0x78, 0x46, 0xA9, 0x4B, 0x45, 0x1A, 0xCC, 0x66, 0x30, 0xEE, 0xD6,
    0x84, 0xE5, 0x19, 0xB4, 0xE0, 0x06, 0x10, 0x86, 0x9D, 0xA5, 0x0A, 0x67,
    0x96, 0x61, 0x7D, 0x14, 0x8E, 0x27, 0x24, 0x7A, 0x0D, 0x72, 0x8F, 0x14,
    0xC8, 0x35, 0xCD, 0x7E, 0x7B, 0x80, 0xB5, 0xE2, 0x5B, 0xFA, 0x11, 0x44,
    0xBF, 0x06, 0xD4, 0x37, 0x77, 0xCF, 0xA7, 0x42, 0xDA, 0xB3, 0xFF, 0xF6,
    0xDB, 0x84, 0x94, 0x85, 0x93, 0x8D, 0x0D, 0x70, 0xF4, 0x94, 0xF2, 0xEE,
    0xB8, 0xE7, 0x95, 0x7C, 0xF8, 0x8F, 0xBA, 0x1E, 0x15, 0x8D, 0xD2, 0x9A,
    0x18, 0x62, 0x75, 0xBC, 0x0A, 0xEA, 0xD0, 0xC6, 0x04, 0xA5, 0x99, 0x9A,
    0x38, 0xA8, 0x96, 0x1E, 0xD6, 0x7E, 0x6E, 0x09, 0x97, 0x0F, 0x63, 0xAB,
    0x8A, 0x82, 0x48, 0x20, 0x18, 0x4E, 0xBC, 0xA8, 0xF9, 0xDF, 0xB2, 0x06,
    0x62, 0x7E, 0xD9, 0xE1, 0xD7, 0xB1, 0x38, 0x7A, 0x7C, 0x50, 0x13, 0x86,
    0xEF, 0xE1, 0xF0, 0xBF, 0xD1, 0x49, 0xA5, 0x3D, 0x42, 0x81, 0xA5, 0xF4,
    0xCB, 0x1A, 0x1F, 0x9B, 0xD6, 0xAC, 0x1A, 0xBE, 0x42, 0x2E, 0x9F, 0xB5,
    0xDE, 0xFD, 0xDA, 0xDA, 0x86, 0xAE, 0x38, 0x31, 0x36, 0x85, 0xE1, 0xDA,
    0x87, 0x15, 0xB5, 0xDC, 0x9D, 0xF0, 0xA3, 0xF3, 0x3E, 0xD6, 0xDD, 0x43,
    0x34, 0xF1, 0xC3, 0xB2, 0xEF, 0x73, 0x52, 0x4C, 0xAF, 0x00, 0x3E, 0x34,
    0xFD, 0x5B, 0xD7, 0x4B, 0x71, 0x08, 0x00, 0xE1, 0x9F, 0xAA, 0xB2, 0x85,
    0x90, 0xAE, 0x6D, 0x52, 0xCC, 0xDE, 0x76, 0xA4, 0x2C, 0x47, 0x25, 0x23,
    0x7F, 0xDF, 0xEE, 0x63, 0x69, 0x21, 0xA2, 0x0A, 0xFA, 0xDE, 0x2A, 0x4D,
    0x2B, 0x23, 0xD4, 0x5C, 0x80, 0x00, 0x98, 0xD4, 0xB5, 0x29, 0x49, 0xBF,
    0x60, 0x9E, 0x08, 0x4B, 0x87, 0x8A, 0xBA, 0xBF, 0xEA, 0x22, 0x19, 0xCE,
    0xAC, 0x56, 0x39, 0x24, 0x0F, 0x6D, 0x70, 0x64, 0x9C, 0xB1, 0x3C, 0x87,
    0x07, 0xE7, 0xE8, 0xE0, 0x99, 0x1D, 0xD4, 0xCE, 0xC8, 0xD7, 0x13, 0x7F,
    0x29, 0x37, 0xAF, 0x0B, 0xA5, 0xDC, 0xFD, 0x65, 0x4C, 0xA1, 0xD1, 0xBE,
    0x78, 0x08, 0x1F, 0xA3, 0x1B, 0x8E, 0x67, 0xB6, 0xC6, 0x5E, 0x44, 0x0A,
    0x56, 0xD3, 0x32, 0x48, 0x9D, 0x2B, 0x64, 0x3D, 0x6C, 0x38, 0xC2, 0x41,
    0x9C, 0x49, 0xE2, 0x69, 0xC3, 0x57, 0x5F, 0x96, 0x9A, 0x8C, 0x4A, 0xC8,
    0x47, 0x63, 0x88, 0xE9, 0x67, 0xE8, 0x00, 0xC1, 0x76, 0x98, 0x50, 0x4C,
    0x5D, 0xAC, 0xE2, 0xA3, 0x35, 0x9A, 0xF5, 0x80, 0x1E, 0xA6, 0xB1, 0x8F,
    0x23, 0x58, 0x4A, 0x2F, 0x37, 0x31, 0xF7, 0x91, 0xE2, 0x9A, 0xBB, 0x06,
    0xCC, 0x64, 0x66, 0x70, 0xC9, 0xF9, 0x4A, 0xA6, 0x97, 0xB9, 0x98, 0x1C,
    0x72, 0xF0, 0xF5, 0xD5, 0xDD, 0xBF, 0x01, 0x3F, 0x64, 0x9F, 0xB9, 0x81,
    0xB3, 0xF1, 0x40, 0x58, 0x8F, 0xAA, 0x94, 0x9E, 0xAB, 0x55, 0xDE, 0xE6,
    0xB5, 0x46, 0x76, 0x9C, 0xEA, 0xB7, 0x7A, 0xF3, 0x77, 0x95, 0x57, 0xDE,
    0xA5, 0x04, 0x82, 0x62, 0xD6, 0x79, 0x85, 0xA0, 0x54, 0xF4, 0x50, 0x6B,
    0x09, 0x97, 0x00, 0x5F, 0x7D, 0xF8, 0x60, 0x72, 0xAF, 0xD2, 0xBC, 0x26,
    0x1D, 0xDF, 0x51, 0x31, 0x2C, 0x39, 0x2E, 0x52, 0x7E, 0x62, 0x83, 0xF9,
    0xCE, 0xB9, 0x80, 0xCC, 0x79, 0xB9, 0x34, 0xB7, 0x02, 0xD6, 0xC8, 0xC6,
    0x2B, 0x87, 0x20, 0xEC, 0x52, 0x7C, 0xF1, 0x0D, 0x76, 0x2D, 0x90, 0x83,
    0x91, 0xF3, 0x24, 0x15, 0x05, 0x90, 0x8C, 0x69, 0xE3, 0x8E, 0x5C, 0x00,
    0xC8, 0x4D, 0x7D, 0xA7, 0x4A, 0x7E, 0xBD, 0xAE, 0x42, 0xC2, 0xDB, 0x10,
    0x6E, 0x72, 0xD3, 0xCD, 0x9A, 0x23, 0x32, 0xC9, 0xCE, 0xCB, 0xCC, 0x48,
    0x4B, 0x8E, 0x35, 0x1F, 0xFE, 0xE3, 0xF9, 0x6A, 0x74, 0x4F, 0x2C, 0x7C,
    0xAD, 0xE5, 0x82, 0xE8, 0xDE, 0xF9, 0x07, 0xBA, 0xB7, 0x45, 0x08, 0x43,
    0x7D, 0x3B, 0x2A, 0x12, 0x9A, 0x1B, 0xB8, 0x37, 0x2D, 0xFF, 0xD1, 0x26,
    0x13, 0x58, 0xFA, 0x8C, 0x56, 0xB8, 0xCF, 0x63, 0x32, 0xFC, 0x27, 0x2F,
    0x02, 0x2C, 0xC6, 0x50, 0x64, 0xAE, 0x39, 0x91, 0x4D, 0xA0, 0x3B, 0xB4,
    0xCF, 0xA2, 0xE2, 0x34, 0x01, 0xE7, 0x75, 0x1F, 0xF3, 0xD6, 0xBE, 0xBE,
    0x79, 0x56, 0xBD, 0xA6, 0x4A, 0x0C, 0xA5, 0x82, 0x00, 0xD8, 0x7F, 0xD7,
    0x31, 0x7F, 0x21, 0x2D, 0x84, 0xD2, 0xC5, 0x34, 0x56, 0xD5, 0x85, 0x73,
    0xDD, 0x0B, 0x33, 0x84, 0xF6, 0x35, 0x9C, 0x15, 0x04, 0x12, 0x45, 0x1E,
    0x8D, 0x41, 0x41, 0x76, 0x6E, 0x54, 0xCC, 0xA7, 0xC1, 0x5C, 0x93, 0x21,
    0x5A, 0x98, 0xD8, 0xE1, 0x7F, 0x4D, 0x8F, 0x6E, 0x26, 0x74, 0xAE, 0x6B,
    0x6A, 0x78, 0xD4, 0xAD, 0xA2, 0x8C, 0xCD, 0x89, 0x0A, 0x82, 0xB4, 0x5E,
    0xF6, 0x23, 0xAB, 0x7A, 0xE9, 0xFE, 0xF6, 0x3C, 0x15, 0xB6, 0xD9, 0x49,
    0xC5, 0x62, 0xA5, 0xC5, 0xF3, 0xA3, 0xAB, 0x41, 0x32, 0xC8, 0x2A, 0x84,
    0xFC, 0xFC, 0xC7, 0xE1, 0xD9, 0xDC, 0xF0, 0x03, 0x0C, 0xEF, 0xDE, 0xD3,
    0xC4, 0x77, 0x36, 0xC0, 0xCB, 0xF9, 0x29, 0xEF, 0xC5, 0x39, 0x22, 0x74,
    0xC7, 0x38, 0xDB, 0x9B, 0x7F, 0x65, 0x68, 0x67, 0xC7, 0xF9, 0x19, 0xDF,
    0x22, 0xD9, 0xDB, 0x21, 0x17, 0xD2, 0x4D, 0x73, 0xA6, 0x77, 0x27, 0x00,
    0x73, 0x89, 0xFA, 0x18, 0xC3, 0x59, 0x49, 0xF1, 0x82, 0xE3, 0x63, 0xAC,
    0xB8, 0x95, 0x40, 0x2A, 0xD8, 0xD5, 0xAE, 0xF1, 0x73, 0xBA, 0x6E, 0x5B,
    0x75, 0xE0, 0x6D, 0x3C, 0xF5, 0xFD, 0xEE, 0x85, 0x24, 0x95, 0x95, 0x14,
    0xB9, 0x88, 0x34, 0x39, 0xFB, 0x6B, 0x54, 0x03, 0xE3, 0xA1, 0xCF, 0x79,
    0x27, 0x74, 0x05, 0x18, 0x18, 0x0C, 0x32, 0x5A, 0x4B, 0x45, 0x4B, 0x42,
    0x74, 0x01, 0xAC, 0x08, 0xB8, 0xE3, 0x1E, 0xF8, 0x1D, 0xD6, 0xE5, 0x5B,
    0xCB, 0xB2, 0x0B, 0xF1, 0xDB, 0x54, 0x0B, 0x43, 0x36, 0x82, 0x8A, 0x6F,
    0x66, 0x9E, 0xC4, 0xE0, 0x2A, 0xCE, 0x6E, 0x9C, 0x87, 0xB0, 0xAE, 0x28,
    0x66, 0xB2, 0x0F, 0x55, 0x1B, 0xA5, 0xC2, 0x8F, 0x90, 0xD0, 0xB2, 0xFD,
    0x82, 0xEA, 0x81, 0xD5, 0xAB, 0xB9, 0xAB, 0x80, 0x78, 0xEC, 0x1A, 0xF9,
    0x76, 0x18, 0xB2, 0x4A, 0x10, 0x02, 0xB0, 0xFB, 0xD4, 0xB2, 0xE0, 0x33,
    0xCA, 0x8F, 0x33, 0x5F, 0x72, 0xE9, 0x93, 0xD2, 0x3A, 0x22, 0x6F, 0x0A,
    0xF5, 0x5C, 0xB2, 0x35, 0xAA, 0x7C, 0xB4, 0xEC, 0xEA, 0x78, 0x45, 0x1A,
    0xEF, 0x5D, 0x92, 0x08, 0x59, 0x13, 0x05, 0xEE, 0xA0, 0x16, 0x67, 0x47,
    0x31, 0xCD, 0x2C, 0xDD, 0xCD, 0x4F, 0x9A, 0x22, 0x9B, 0xC9, 0xC6, 0xE4,
    0x86, 0x3F, 0xD6, 0x81, 0x5D, 0x11, 0x66, 0x40, 0x0E, 0x93, 0x24, 0x56,
    0x3E, 0x3A, 0x5D, 0x7F, 0x67, 0x8C, 0x47, 0xEA, 0xDD, 0x25, 0x4E, 0x28,
    0xCD, 0x00, 0x04, 0x92, 0x99, 0x15, 0xBB, 0x0C, 0x3E, 0x25, 0x5C, 0x72,
    0x1F, 0x90, 0x06, 0xA1, 0xD3, 0x68, 0x3A, 0x60, 0x54, 0xA4, 0x33, 0x5A,
    0xDC, 0x83, 0x9B, 0x76, 0x97, 0xB0, 0x65, 0x7E, 0x93, 0x9C, 0xB5, 0xA0,
    0x6A, 0x29, 0x33, 0xCE, 0xC8, 0x33, 0x3F, 0xF7, 0x98, 0x3C, 0x65, 0xD4,
    0x06, 0x4F, 0x48, 0xEC, 0x22, 0xB7, 0x86, 0xFE, 0xD0, 0xE6, 0x65, 0xFE,
    0x22, 0xDD, 0xC8, 0xE7, 0x02, 0x24, 0xFA, 0x0C, 0xF5, 0xDF, 0x27, 0xA7,
    0x88, 0xA6, 0x5C, 0xBB, 0x4B, 0x9E, 0x89, 0xC7, 0x8B, 0x10, 0x86, 0x8D,
    0xA3, 0x93, 0x03, 0x7F, 0x82, 0xF8, 0x23, 0x41, 0xDA, 0xF1, 0xD2, 0xFC,
    0xD5, 0x82, 0x0C, 0x8B, 0xFA, 0x88, 0x9D, 0x48, 0xB6, 0x6C, 0xEC, 0x7C,
    0xFA, 0xBB, 0xB7, 0x5D, 0x29, 0x4F, 0xEB, 0xD8, 0xFE, 0x6C, 0xB1, 0x1D,
    0x9D, 0xDE, 0x15, 0x25, 0x11, 0xAF, 0x96, 0xF1, 0x1B, 0x26, 0x87, 0xF6,
    0x4C, 0x48, 0xFB, 0x27, 0x76, 0x02, 0xD8, 0x43, 0x39, 0x96, 0x1C, 0x0A,
    0x80, 0xF8, 0x0D, 0x4F, 0x6B, 0x29, 0x53, 0x35, 0xE3, 0xE5, 0xC3, 0xF2,
    0x19, 0x9E, 0x43, 0xA3, 0x60, 0x96, 0x7E, 0x60, 0xBA, 0x13, 0xD3, 0xFE,
    0x2C, 0xA9, 0x5B, 0x23, 0xAB, 0x08, 0x01, 0x10, 0xB8, 0xFE, 0xDB, 0xE0,
    0xE4, 0xC0, 0x8C, 0x5F, 0x86, 0x6B, 0x68, 0xB4, 0x2B, 0xF7, 0x83, 0x01,
    0x0B, 0x3D, 0x38, 0xC9, 0x01, 0x10, 0x66, 0x11, 0x68, 0x93, 0x37, 0xE1,
    0x93, 0xF6, 0x2C, 0x97, 0xFF, 0x79, 0x1F, 0x7A, 0xF5, 0x87, 0x62, 0x83,
    0x57, 0xA6, 0x60, 0x60, 0x38, 0x78, 0x92, 0x7D, 0x80, 0x7E, 0x17, 0x17,
    0x22, 0x9F, 0xCE, 0xDC, 0x1C, 0x6C, 0x05, 0x46, 0x36, 0xE7, 0x81, 0x48,
    0xA7, 0x11, 0xF8, 0xD2, 0x07, 0x11, 0x72, 0xBA, 0x50, 0x24, 0xC4, 0x43,
    0x7D, 0x26, 0xF8, 0x3A, 0x9F, 0x5A, 0xF0, 0x5B, 0x14, 0xDF, 0x69, 0x1A,
    0x32, 0x3C, 0xAE, 0xFE, 0xC3, 0x66, 0xC7, 0x3B, 0x92, 0x8D, 0x41, 0x4A,
    0xB8, 0xEE, 0x99, 0x79, 0xC4, 0xDA, 0xC4, 0x9F, 0xCA, 0xAB, 0x55, 0x5F,
    0xAC, 0xE5, 0xD3, 0x3C, 0xEF, 0x7F, 0x46, 0x56, 0xDB, 0x4B, 0x2B, 0x19,
    0x2C, 0xC4, 0x67, 0x07, 0x93, 0x09, 0x43, 0x23, 0xD2, 0x20, 0x91, 0x9F,
    0x02, 0x27, 0x13, 0xB3, 0xAA, 0xAE, 0x32, 0x9B, 0x38, 0x8B, 0xE6, 0x23,
    0x8E, 0x5B, 0xC4, 0x15, 0x1E, 0xC0, 0xF3, 0xDC, 0x94, 0x6C, 0x44, 0x34,
    0x63, 0x83, 0x1A, 0x64, 0x90, 0x0D, 0x54, 0x7E, 0xF6, 0x0B, 0x6A, 0xA2,
    0xFF, 0xCA, 0xB5, 0x01, 0x77, 0xA7, 0x66, 0xF6, 0x28, 0xF0, 0xC6, 0x98,
    0xEF, 0x12, 0x93, 0x99, 0xD9, 0xAC, 0x76, 0x1D, 0xF7, 0xEE, 0xB5, 0x38,
    0xD5, 0x9C, 0x56, 0xD4, 0xFB, 0xC1, 0xDB, 0x92, 0x60, 0xA3, 0xAD, 0xD9,
    0xCA, 0x51, 0xB2, 0x4F, 0x62, 0xD5, 0x27, 0xC1, 0x98, 0x55, 0xEE, 0xF0,
    0xB5, 0x24, 0x87, 0x15, 0x9B, 0xF1, 0x01, 0x48, 0x57, 0xC6, 0x8C, 0xA7,
    0xF5, 0xCC, 0x31, 0x40, 0x87, 0x7B, 0xBF, 0x31, 0x12, 0xF6, 0xBA, 0xF2,
    0xFA, 0xFF, 0xEA, 0x34, 0xC3, 0x95, 0x60, 0x1F, 0x66, 0x90, 0x3E, 0x7A,
    0xE4, 0x13, 0xAE, 0x1C, 0xB6, 0xF8, 0x0F, 0xCA, 0x48, 0xD1, 0x80, 0x09,
    0x90, 0x52, 0xBA, 0x32, 0x4B, 0x3D, 0xD0, 0x54, 0x04, 0x77, 0xB8, 0x77,
    0x09, 0x36, 0x86, 0x12, 0x10, 0x14, 0x47, 0xB4, 0x42, 0x3D, 0xE0, 0x4E,
    0x9E, 0x23, 0x0F, 0xA1, 0x1F, 0x28, 0xB0, 0xC5, 0xED, 0x93, 0xC5, 0x73,
    0x27, 0xF5, 0x29, 0x3C, 0x70, 0x69, 0x7B, 0x88, 0x0F, 0xEF, 0xB7, 0xF1,
    0xE0, 0x3F, 0xAE, 0xEC, 0xA9, 0x10, 0x87, 0x40, 0xD1, 0x62, 0xEA, 0x2D,
    0x43, 0x4E, 0x51, 0x0E, 0xD7, 0x7D, 0xC5, 0x1B, 0x9F, 0x21, 0xEE, 0x78,
    0xB2, 0x0D, 0xA5, 0x9C, 0x35, 0x85, 0xE3, 0xEE, 0x1F, 0x8C, 0x27, 0xA0,
    0x74, 0x47, 0x1E, 0x65, 0x66, 0x2C, 0x9E, 0xF8, 0x3B, 0xBC, 0xD1, 0xEB,
    0x21, 0xA0, 0xF4, 0xB3, 0xB3, 0xF3, 0x59, 0x99, 0xEF, 0xD4, 0xF4, 0x06,
    0x2E, 0x99, 0xFE, 0x93, 0x5A, 0xA9, 0x06, 0x06, 0x4B, 0xA1, 0x39, 0x2D,
    0x9F, 0x57, 0x2A, 0xA9, 0xDA, 0x43, 0x93, 0x97, 0x32, 0x5E, 0x70, 0x18,
    0x1A, 0x56, 0x44, 0x14, 0x19, 0x72, 0x22, 0x8E, 0xA6, 0x6E, 0x42, 0x00,
    0x58, 0x2D, 0x19, 0x6F, 0x58, 0x52, 0x41, 0x33, 0x03, 0xED, 0xE6, 0xE6,
    0xCA, 0x1E, 0x18, 0x0B, 0x82, 0x0B, 0x89, 0x6A, 0x2B, 0x43, 0x5D, 0x50,
    0x99, 0x4C, 0x3C, 0x64, 0x72, 0x5F, 0xE0, 0x3C, 0x0B, 0x6A, 0x89, 0x0D,
    0xC3, 0x4B, 0x91, 0xDD, 0x6F, 0x18, 0x77, 0xDA, 0x0C, 0xC5, 0xE3, 0x7D,
    0xA0, 0x90, 0x57, 0x33, 0x2C, 0xBC, 0xDE, 0x91, 0x37, 0xCA, 0x9F, 0xAA,
    0xA7, 0xB9, 0x08, 0x8C, 0x2A, 0xA5, 0x90, 0x97, 0x27, 0x6C, 0xF1, 0xC0,
    0xE1, 0x1C, 0x18, 0xEC, 0x26, 0x35, 0x0B, 0x1C, 0xEE, 0x64, 0x48, 0x9E,
    0x8A, 0xC4, 0x0C, 0x6F, 0x2B, 0xFE, 0x0C, 0x54, 0x2E, 0x22, 0xCD, 0x4D,
    0xFE, 0xDE, 0xC5, 0x59, 0x72, 0xF9, 0xD1, 0x7F, 0xB5, 0x9C, 0xF9, 0x81,
    0x82, 0xFC, 0x7A, 0x59, 0xD9, 0x4C, 0x95, 0x6A, 0xFA, 0xED, 0xCD, 0x4A,
    0x80, 0x79, 0xB9, 0xDD, 0x13, 0x26, 0x9C, 0x91, 0x6D, 0xCD, 0xF8, 0x6C,
    0x38, 0x64, 0x05, 0x1C, 0xE3, 0xE4, 0x44, 0xCE, 0xE4, 0xFA, 0xF4, 0x81,
    0x2A, 0x49, 0x62, 0x81, 0xA8, 0xF1, 0x10, 0x4A, 0x28, 0x4A, 0xDB, 0x90,
    0xD0, 0x85, 0xB7, 0x78, 0x8A, 0x6C, 0xB6, 0x2C, 0x2E, 0xD1, 0x9A, 0x90,
    0x9E, 0xBF, 0x60, 0x9C, 0x4E, 0xBE, 0x12, 0x35, 0x59, 0xC0, 0x2C, 0xC1,
    0xA6, 0xC0, 0xAB, 0x51, 0x4D, 0x6B, 0x48, 0x21, 0xC4, 0x6C, 0xEF, 0x0F,
    0xCC, 0x6E, 0x75, 0x8D, 0xDF, 0x2C, 0x20, 0xDD, 0x5A, 0xB4, 0x38, 0x62,
    0x24, 0x86, 0xB1, 0xD2, 0x9C, 0x1F, 0x7C, 0xC8, 0xA9, 0xA7, 0xF1, 0xEC,
    0xFD, 0xF4, 0xB3, 0x9F, 0x1B, 0x0E, 0xBC, 0x76, 0xF6, 0x80, 0xA5, 0xF1,
    0x1A, 0x93, 0x20, 0x04, 0xFA, 0x83, 0x82, 0x83, 0x5F, 0xC3, 0x96, 0xA1,
    0xEC, 0x53, 0xC2, 0xCF, 0x6E, 0x58, 0xA9, 0x42, 0xFA, 0xFA, 0xC4, 0xFE,
    0x2F, 0x60, 0xB6, 0x13, 0x58, 0xE3, 0x09, 0xC1, 0x3F, 0x16, 0x95, 0xE8,
    0x2A, 0x0D, 0x47, 0xE6, 0x5C, 0x3F, 0x9B, 0x66, 0xB1, 0x1F, 0x9A, 0xB9,
    0x6E, 0x01, 0x8F, 0x2B, 0x79, 0xB7, 0xDF, 0x69, 0x7E, 0x32, 0x4F, 0x8A,
    0x39, 0xDB, 0x04, 0xDE, 0xB8, 0x39, 0x67, 0x9A, 0x2A, 0x0D, 0x07, 0x8A,
    0x58, 0xBA, 0xFC, 0xDE, 0xC9, 0xFB, 0xDD, 0x10, 0xBA, 0x1D, 0x05, 0x7F,
    0x57, 0x3D, 0x27, 0xE3, 0x90, 0x62, 0x5D, 0x4A, 0x8A, 0x2A, 0x9C, 0x75,
    0x3F, 0xF1, 0xE8, 0xC7, 0xEF, 0xAE, 0x13, 0x93, 0x15, 0x8A, 0xB1, 0xD2,
    0x34, 0x52, 0xC5, 0x8E, 0x37, 0x68, 0x7D, 0x2E, 0x66, 0xFD, 0x0F, 0xD6,
    0xDB, 0xB0, 0x1F, 0xD9, 0xE7, 0x17, 0x89, 0x83, 0x21, 0x48, 0x93, 0x82,
    0x27, 0x7A, 0xEB, 0x33, 0xAC, 0x89, 0x79, 0x47, 0x71, 0x9D, 0x08, 0x2F,
    0x41, 0xA3, 0x31, 0x22, 0xDB, 0xFA, 0xFE, 0xBE, 0x5B, 0xEF, 0x7C, 0x78,
    0x1C, 0xF4, 0x47, 0x7D, 0x76, 0x27, 0x87, 0xD3, 0x82, 0x17, 0x5F, 0x39,
    0x93, 0x08, 0xB4, 0xEA, 0x91, 0x6D, 0xBC, 0x0B, 0x5E, 0xDA, 0x0C, 0x7D,
    0x82, 0xDB, 0x96, 0xA7, 0xFA, 0x22, 0x42, 0x04, 0x24, 0xCC, 0xA1, 0xE7,
    0x77, 0xA8, 0xA7, 0x52, 0x08, 0xB5, 0x29, 0x88, 0x5B, 0x6D, 0xF4, 0x30,
    0xA5, 0xD4, 0x80, 0x4D, 0x04, 0xEC, 0x74, 0x91, 0x1A, 0x38, 0x01, 0x20,
    0x87, 0x23, 0xBB, 0x0D, 0x30, 0xFC, 0x33, 0x6C, 0x89, 0xDA, 0xE7, 0x61,
    0x76, 0x47, 0x68, 0x23, 0x81, 0x95, 0x95, 0xA1, 0xFF, 0xC3, 0xFD, 0x49,
    0x0C, 0xD0, 0x0B, 0xB3, 0x27, 0x86, 0xA7, 0x5F, 0x0F, 0x13, 0xC7, 0x2C,
    0xE8, 0x6B, 0x8F, 0xD7, 0x8D, 0x22, 0xFB, 0x4D, 0xD7, 0x62, 0xA5, 0xD0,
    0x2C, 0xB0, 0xD4, 0x10, 0xC8, 0xB1, 0x16, 0x1C, 0x16, 0xB1, 0x1B, 0x42,
    0xAE, 0x0C, 0x5F, 0x2B, 0x39, 0xC9, 0x6D, 0xAE, 0xFA, 0x97, 0x33, 0x98,
    0x48, 0x3E, 0x52, 0x17, 0xFE, 0x34, 0xF2, 0xB8, 0x39, 0x9A, 0x8A, 0xE7,
    0x79, 0xD5, 0xFE, 0x5C, 0x0B, 0x03, 0x6C, 0x40, 0x3B, 0xC4, 0xB5, 0x0A,
    0xB1, 0xA7, 0x13, 0x36, 0xF7, 0x07, 0xD7, 0xB5, 0x98, 0x86, 0x71, 0x05,
    0xBE, 0x0E, 0xD1, 0x92, 0xB8, 0xDE, 0xAE, 0xA9, 0xD3, 0x04, 0xDC, 0x27,
    0x81, 0x43, 0x13, 0x1F, 0xBD, 0xFF, 0xC7, 0xBA, 0xB2, 0xA7, 0xD0, 0x4D,
    0xB9, 0xB4, 0x6E, 0x19, 0xF7, 0x40, 0x1B, 0x33, 0x28, 0x60, 0x9C, 0xE1,
    0x6F, 0x6D, 0xC6, 0x03, 0xE8, 0x14, 0x76, 0x2A, 0x94, 0xDA, 0x0A, 0xDD,
    0xEA, 0x52, 0xF9, 0x82, 0x4B, 0x36, 0x53, 0x58, 0x74, 0x46, 0x69, 0x70,
    0x11, 0xBC, 0x9D, 0x18, 0xE7, 0x1C, 0x47, 0xD8, 0x87, 0xD6, 0x60, 0xA6,
    0xA5, 0xA2, 0xC9, 0x09, 0x9D, 0x4D, 0xE1, 0xFC, 0x7A, 0xB8, 0x4F, 0xDB,
    0x44, 0x2C, 0xE7, 0xFB, 0x90, 0x40, 0xF7, 0x21, 0x94, 0x8B, 0x04, 0xCC,
    0x1C, 0xEB, 0xF2, 0xFE, 0x23, 0xA9, 0xD1, 0x87, 0x42, 0x8F, 0xDA, 0x96,
    0x92, 0xDA, 0x03, 0x54, 0x80, 0x28, 0x91, 0x54, 0x32, 0xA5, 0x85, 0x8D,
    0x03, 0xA8, 0x06, 0x81, 0xF5, 0xBF, 0x91, 0xB3, 0xFF, 0x6F, 0x9C, 0x7E,
    0x86, 0x01, 0x70, 0x06, 0x9E, 0xDD, 0x7B, 0xC6, 0x3F, 0x0A, 0xB6, 0x8D,
    0xEE, 0xF2, 0xDC, 0x01, 0x19, 0x29, 0x91, 0xC7, 0x73, 0xD0, 0xE2, 0x83,
    0x37, 0xE9, 0x82, 0x41, 0x6E, 0x32, 0x70, 0x61, 0x9B, 0xD1, 0xCA, 0x0A,
    0xE2, 0x0D, 0x76, 0x5D, 0x66, 0x43, 0xAA, 0xE8, 0xA2, 0x09, 0xCA, 0x67,
    0xEC, 0xD2, 0x16, 0x08, 0x87, 0xE3, 0xAC, 0x20, 0x55, 0xB0, 0x89, 0xE7,
    0xB8, 0x44, 0x8E, 0xCB, 0x03, 0xE9, 0xED, 0xBD, 0x7D, 0xCC, 0x41, 0x14,
    0x3B, 0xDB, 0x82, 0x49, 0x54, 0x18, 0x65, 0x06, 0xA1, 0x6C, 0xA6, 0xFC,
    0x4A, 0xB6, 0x32, 0x90, 0xEB, 0x79, 0x60, 0x75, 0x1B, 0x2E, 0xB1, 0x60,
    0x8A, 0x47, 0x89, 0xB3, 0x19, 0x23, 0x18, 0xCB, 0xC7, 0x71, 0xE3, 0x5E,
    0x15, 0xCD, 0x15, 0x95, 0xFA, 0xE2, 0xBA, 0xCE, 0x81, 0x27, 0xE2, 0xC7,
    0x22, 0x57, 0x42, 0x29, 0x9B, 0x91, 0xC1, 0x64, 0x5A, 0xFE, 0xFD, 0x17,
    0x10, 0x79, 0xEC, 0x66, 0x08, 0xBC, 0xC1, 0xAE, 0xBC, 0x31, 0x9E, 0xEF,
    0x64, 0x8D, 0xD0, 0xA9, 0x8B, 0xB2, 0x87, 0xAD, 0xA3, 0x03, 0x11, 0xF6,
    0xCB, 0xB4, 0xF6, 0xD6, 0xD4, 0xB4, 0xFA, 0xCE, 0x58, 0x0D, 0xDE, 0x93,
    0x2E, 0x7F, 0x0F, 0xE9, 0x2F, 0x8D, 0xC2, 0x6E, 0x0F, 0xBC, 0xD8, 0x66,
    0xDD, 0x38, 0x2A, 0xC4, 0xE7, 0x03, 0xE8, 0xD8, 0xA7, 0xF2, 0x75, 0x52,
    0x1C, 0xA7, 0x91, 0x0C, 0xF9, 0x26, 0x37, 0xE3, 0x5F, 0xD0, 0xA5, 0x79,
    0xD3, 0x3B, 0x99, 0x1A, 0xA9, 0x82, 0xA3, 0x97, 0x44, 0x84, 0x56, 0xAE,
    0xC0, 0x3D, 0x2B, 0x82, 0x66, 0xD7, 0x79, 0xD0, 0x46, 0xBE, 0xC5, 0xD0,
    0xC0, 0x7D, 0xBF, 0x66, 0xBF, 0xB1, 0xCF, 0x81, 0x0E, 0xE4, 0x95, 0x87,
    0x6E, 0x28, 0x3B, 0xA5, 0xF7, 0x10, 0x5F, 0xF4, 0xD4, 0xDA, 0xC9, 0xFB,
    0xB4, 0x1D, 0xE9, 0xFF, 0xA0, 0xB6, 0x50, 0x65, 0x1F, 0x36, 0x6A, 0x32,
    0x27, 0x0C, 0xFF, 0x0D, 0x57, 0x4B, 0x30, 0x56, 0x55, 0xD6, 0x27, 0xF0,
    0x7B, 0x18, 0x8C, 0xAD, 0x44, 0x14, 0xE1, 0x33, 0x62, 0xA1, 0x56, 0x3E,
    0xA4, 0xB7, 0x0A, 0xAB, 0xB8, 0x54, 0xF5, 0xD1, 0x77, 0xD4, 0xD4, 0xBF,
    0xF8, 0xB2, 0xDE, 0xDC, 0x28, 0x00, 0x6A, 0x25, 0x8A, 0xD6, 0xAA, 0x77,
    0xF8, 0x12, 0x64, 0x93, 0x5C, 0xBE, 0xAD, 0x02, 0x5F, 0x49, 0x9C, 0x9C,
    0xA5, 0xB9, 0xD8, 0x33, 0x38, 0xED, 0x2F, 0xDD, 0x96, 0x54, 0x71, 0x38,
    0x3C, 0xEF, 0xC0, 0x6C, 0xE5, 0x8A, 0x34, 0xF5, 0xEE, 0x79, 0x37, 0x48,
    0x1F, 0xFC, 0xED, 0x13, 0xCD, 0x80, 0xA1, 0xDD, 0xC3, 0x49, 0x24, 0x18,
    0x05, 0xAC, 0xCA, 0xD9, 0x53, 0xAD, 0xDC, 0x69, 0x83, 0xCC, 0xE3, 0x9B,
    0x5B, 0xAA, 0x25, 0xCB, 0x08, 0x30, 0xF9, 0x48, 0x98, 0x83, 0xEF, 0xBC,
    0xB5, 0x42, 0xD9, 0xE3, 0xC1, 0x9C, 0x56, 0x2F, 0x13, 0x2B, 0xD8, 0x40,
    0xAE, 0x74, 0x00, 0xCF, 0xF0, 0xF4, 0x53, 0xF3, 0x59, 0x4C, 0x45, 0x24,
    0x66, 0x9C, 0xD2, 0xDB, 0xB1, 0x10, 0x69, 0xB2, 0x8E, 0x0E, 0xC7, 0x06,
    0x72, 0x1E, 0x06, 0x09, 0x0E, 0xA2, 0x96, 0x73, 0xD9, 0x80, 0x6D, 0x73,
    0xF9, 0xF8, 0x80, 0xA1, 0x2A, 0x0B, 0xD5, 0x44, 0x63, 0x90, 0x40, 0x91,
    0x63, 0x23, 0x77, 0x0D, 0x18, 0x1A, 0x42, 0x5D, 0x9D, 0x0C, 0xF0, 0x62,
    0x30, 0x34, 0x60, 0xFD, 0x95, 0xEE, 0x05, 0xF0, 0x46, 0xB4, 0x10, 0x57,
    0xD6, 0xA0, 0x09, 0x6B, 0xA2, 0xB0, 0xAB, 0xB4, 0xE6, 0xB0, 0xB2, 0x36,
    0x63, 0x5D, 0x54, 0xAF, 0x99, 0xCB, 0xBE, 0xBB, 0xC0, 0xB7, 0x72, 0x9A,
    0x0E, 0x6C, 0xD5, 0x32, 0x41, 0xF7, 0xE0, 0x44, 0xE8, 0xD2, 0x4B, 0xC4,
    0x40, 0x99, 0x5B, 0xC3, 0x49, 0x96, 0xD6, 0x6D, 0x6A, 0x77, 0x33, 0x29,
    0x17, 0x37, 0xF0, 0x43, 0x67, 0xC9, 0xCF, 0xE2, 0xBF, 0x59, 0xB7, 0xD9,
    0x4A, 0xA0, 0xF6, 0xDC, 0x20, 0xBE, 0x57, 0xB2, 0x8B, 0xDA, 0xA2, 0x18,
    0x7C, 0xBE, 0x5F, 0x0A, 0x4A, 0x04, 0xF8, 0x9A, 0x90, 0x38, 0x04, 0x13,
    0x47, 0xFE, 0xC9, 0xD2, 0x14, 0x38, 0xFA, 0x59, 0xA9, 0xBC, 0x0C, 0xA9,
    0xD6, 0xE3, 0xF1, 0xC7, 0xC4, 0x58, 0x08, 0x3C, 0xC0, 0x7F, 0xD4, 0x31,
    0x66, 0x72, 0xFD, 0x8C, 0x2A, 0x48, 0x75, 0x77, 0xCD, 0xA8, 0x14, 0x55,
    0x9A, 0x96, 0xD5, 0x25, 0x84, 0xFC, 0xC6, 0x89, 0x7F, 0x7E, 0xD6, 0x79,
    0xFE, 0x3B, 0x2F, 0xFF, 0xFD, 0x51, 0xF3, 0xAD, 0x68, 0x61, 0x6E, 0x0D,
    0xF9, 0x58, 0x0F, 0xAA, 0xC0, 0x3C, 0xE7, 0xB9, 0xA0, 0xF6, 0xD7, 0xEA,
    0x6D, 0xB3, 0x65, 0x28, 0x43, 0x22, 0xBC, 0x73, 0xEA, 0x14, 0x4C, 0x67,
    0x3B, 0xCB, 0x72, 0xE3, 0x0A, 0x92, 0xDF, 0xC5, 0x6C, 0x80, 0x08, 0xD3,
    0xB6, 0xFA, 0x5C, 0x05, 0xEF, 0xB6, 0x50, 0xD4, 0x25, 0xE9, 0x74, 0x61,
    0x04, 0x51, 0xF6, 0xFC, 0x53, 0x40, 0xCD, 0xA5, 0x19, 0x71, 0x31, 0xAD,
    0x58, 0xC3, 0xCA, 0x7A, 0x22, 0x37, 0x6A, 0x98, 0x27, 0xE1, 0x92, 0xBF,
    0xD9, 0x04, 0xEE, 0x9F, 0xBE, 0xB9, 0xAD, 0x0A, 0x33, 0xBD, 0x3C, 0xE2,
    0x12, 0x4A, 0x3E, 0x9E, 0xF2, 0xB2, 0x96, 0x18, 0x9F, 0xFB, 0x3E, 0xF5,
    0x84, 0x3B, 0x5B, 0x98, 0x67, 0x02, 0x01, 0x38, 0x1B, 0x99, 0x7B, 0x0E,
    0x86, 0x4F, 0x7D, 0x35, 0x51, 0x62, 0x6C, 0x47, 0x8E, 0x9C, 0x69, 0x45,
    0xD7, 0x02, 0xC6, 0xC5, 0x28, 0xA0, 0x42, 0x97, 0x4E, 0x81, 0x9F, 0x0D,
    0x75, 0x64, 0xB0, 0x23, 0xC3, 0x45, 0x21, 0xC1, 0xBB, 0xD1, 0x0C, 0xE9,
    0xF9, 0xB0, 0x74, 0x95, 0x36, 0x1E, 0x51, 0xD6, 0x0F, 0x9B, 0xED, 0x6C,
    0x4E, 0xC1, 0x91, 0xDE, 0x9D, 0xAF, 0x06, 0xCE, 0x30, 0x30, 0x9B, 0x6B,
    0x1C, 0xC5, 0x5B, 0x89, 0x67, 0x26, 0xF2, 0x44, 0xD5, 0x94, 0xE2, 0x15,
    0x89, 0xA3, 0xD7, 0x8E, 0xBA, 0xED, 0xE2, 0xDC, 0x0A, 0x7E, 0x75, 0x3C,
    0x6E, 0x54, 0xB8, 0x16, 0x66, 0xBC, 0xF7, 0x4C, 0x25, 0xE9, 0xC2, 0xD1,
    0x96, 0xF0, 0x24, 0xF7, 0xA3, 0xAB, 0xFB, 0x17, 0xD2, 0xC6, 0x4D, 0xD3,
    0x5A, 0x01, 0xBD, 0x14, 0x12, 0x52, 0x55, 0x3B, 0x92, 0x46, 0x0D, 0x19,
    0xA6, 0x72, 0x43, 0x96, 0x14, 0x4D, 0xB7, 0x42, 0xCD, 0xD9, 0x1A, 0xA5,
    0x6C, 0x77, 0x0E, 0x58, 0x40, 0xC2, 0x8B, 0x88, 0x5C, 0xEC, 0x88, 0xA5,
    0xCA, 0x5E, 0x89, 0x55, 0x03, 0xFF, 0x80, 0x1A, 0x53, 0x3F, 0x04, 0x0C,
    0x6B, 0x60, 0x6A, 0x19, 0xDB, 0xDB, 0xA0, 0xBC, 0x12, 0xE0, 0xDC, 0x64,
    0x62, 0xC9, 0xCC, 0xEF, 0x5A, 0x95, 0xE1, 0x4F, 0xA7, 0xBD, 0x05, 0x2B,
    0x09, 0x5C, 0xB4, 0x92, 0x42, 0x8D, 0x83, 0xFD, 0xF5, 0x0D, 0xE2, 0x30,
    0x55, 0xBB, 0xD7, 0x6A, 0x5F, 0x95, 0x38, 0xBD, 0x14, 0x94, 0x9F, 0xDE,
    0x79, 0x55, 0x7B, 0x9E, 0xAC, 0x26, 0x22, 0xFD, 0x6D, 0x5E, 0x12, 0xBB,
    0x6A, 0xE2, 0xD6, 0x35, 0xEF, 0x8E, 0x24, 0x35, 0x2F, 0x72, 0x70, 0x29,
    0xE1, 0x0D, 0x5D, 0x46, 0x22, 0xBE, 0xFB, 0xF9, 0x2F, 0x96, 0xD7, 0x74,
    0xAC, 0xC0, 0x08, 0x9F, 0x40, 0xFB, 0x72, 0x3A, 0x37, 0x7F, 0x7A, 0x44,
    0xE0, 0x39, 0xB2, 0xD1, 0xDF, 0xE3, 0xDB, 0x9B, 0x6C, 0xCA, 0xED, 0x75,
    0xE4, 0xA6, 0xDC, 0x97, 0xD1, 0x7A, 0xAF, 0x94, 0xB8, 0xD1, 0xF4, 0x52,
    0xAE, 0x1E, 0x4A, 0x7C, 0xEB, 0x65, 0x0F, 0x6A, 0xC6, 0x01, 0xBF, 0x25,
    0xC7, 0x2B, 0x92, 0xCA, 0x5F, 0x94, 0x49, 0x6F, 0x6E, 0x50, 0x93, 0x8D,
    0x11, 0x1C, 0x6B, 0x85, 0xDA, 0xFD, 0x49, 0xEA, 0x30, 0x4A, 0xC7, 0x57,
    0x60, 0x5D, 0xA3, 0x92, 0x6E, 0xBB, 0xBC, 0x10, 0xB8, 0x83, 0x35, 0x1E,
    0xA0, 0x4E, 0x8E, 0x7E, 0x4E, 0x24, 0x3E, 0x16, 0xE3, 0x40, 0x77, 0xB6,
    0x29, 0xE7, 0x2E, 0xC8, 0x68, 0xB0, 0xA3, 0x98, 0xAA, 0xF9, 0xE0, 0xE1,
    0xAC, 0xA7, 0xDC, 0x4D, 0x2A, 0xBD, 0xA8, 0x65, 0x64, 0xE9, 0x2B, 0xA0,
    0xE6, 0x11, 0x05, 0x0D, 0x03, 0xE7, 0x0F, 0x60, 0x7E, 0x3F, 0x3F, 0x5F,
    0xA0, 0x08, 0x5D, 0x08, 0x5B, 0x02, 0x8C, 0x5B, 0x4F, 0x21, 0x8F, 0x9C,
    0xCD, 0xAE, 0xB6, 0xA5, 0xD2, 0x07, 0x12, 0xC3, 0xE8, 0xA1, 0x41, 0x52,
    0x7E, 0xB2, 0xED, 0xA4, 0x4A, 0x1C, 0x1F, 0x2E, 0xD7, 0x32, 0x81, 0xC7,
    0x98, 0xE8, 0xC0, 0xC5, 0x09, 0x6B, 0x20, 0xCC, 0xA1, 0x5C, 0xBD, 0x15,
    0x93, 0xCF, 0x19, 0x8F, 0x44, 0xC8, 0x92, 0x4A, 0xEA, 0x5A, 0x01, 0x71,
    0xF4, 0x21, 0x36, 0xA5, 0x7C, 0x8B, 0x5D, 0xD6, 0xD9, 0xED, 0x01, 0xFB,
    0x2E, 0x52, 0x49, 0x73, 0x78, 0xAF, 0xD3, 0xF7, 0xF8, 0xF6, 0x6F, 0xFF,
    0x1D, 0xB6, 0xA4, 0xA8, 0x9D, 0x69, 0xF9, 0xDC, 0x62, 0xFD, 0x96, 0x8C,
    0x79, 0xD4, 0x33, 0x24, 0x29, 0x85, 0x8B, 0x5A, 0x3D, 0xF8, 0x55, 0x5D,
    0x38, 0x21, 0xC6, 0xAC, 0xCE, 0x82, 0x94, 0x67, 0xD1, 0xC3, 0x4F, 0x2E,
    0x36, 0x88, 0x08, 0x50, 0xEF, 0xE9, 0xC0, 0xC5, 0x74, 0x44, 0x71, 0xB5,
    0xBD, 0x5D, 0x9B, 0x4F, 0xB3, 0x3F, 0x6B, 0x64, 0xF9, 0x68, 0x72, 0x05,
    0x7D, 0x5B, 0x6D, 0xFB, 0x68, 0x22, 0x81, 0xC3, 0x65, 0x4F, 0x14, 0xB0,
    0xC8, 0xA7, 0x53, 0x92, 0xB1, 0xA1, 0xBB, 0x29, 0x47, 0x65, 0x5D, 0xDD,
    0x89, 0xEB, 0xC2, 0x97, 0x83, 0x48, 0xE6, 0x51, 0xE0, 0xDF, 0x63, 0x64,
    0x58, 0x8F, 0x89, 0xB4, 0xD8, 0x93, 0xF2, 0x4B, 0x99, 0xB6, 0xC1, 0xAB,
    0x68, 0x77, 0xAD, 0xAF, 0xB4, 0xEA, 0xF6, 0x53, 0x88, 0x82, 0x67, 0x2B,
    0xD6, 0x35, 0xFA, 0xDA, 0xCA, 0x0D, 0xD4, 0x5C, 0xCF, 0x30, 0x0C, 0x4A,
    0x6D, 0xE5, 0x25, 0x8F, 0xA5, 0xC3, 0xEF, 0x79, 0xFE, 0x8C, 0x00, 0xC7,
    0x26, 0x98, 0x81, 0x7E, 0x20, 0xD4, 0xA6, 0xBC, 0xB3, 0x33, 0x2E, 0x85,
    0x1D, 0x60, 0xF8, 0x19, 0xC8, 0x96, 0x56, 0x3E, 0x2E, 0x0D, 0xB3, 0x43,
    0x02, 0x4A, 0xDE, 0x9D, 0xDF, 0x35, 0x24, 0x3E, 0x41, 0x14, 0x19, 0x1C,
    0x12, 0x18, 0x75, 0x7D, 0x97, 0x54, 0x8A, 0x2C, 0x4A, 0x97, 0x2E, 0x4C,
    0x7A, 0xA3, 0x08, 0x1E, 0x79, 0x87, 0x8A, 0x83, 0x75, 0x6B, 0xFA, 0xD3,
    0x65, 0x54, 0x81, 0xDD, 0xB1, 0x3C, 0xA5, 0x31, 0xF4, 0x4C, 0xFD, 0x74,
    0xE7, 0xF2, 0x15, 0x70, 0xFD, 0x4E, 0xE9, 0x3B, 0x70, 0xE6, 0xB5, 0x6A,
    0x3F, 0xBE, 0xCC, 0xA9, 0x3C, 0xC5, 0xCA, 0x19, 0x0E, 0x86, 0x47, 0xD5,
    0xB4, 0x4E, 0x17, 0x06, 0x71, 0x15, 0x1C, 0x88, 0x2E, 0xDE, 0xD7, 0x8C,
    0x7C, 0xE4, 0x6E, 0x90, 0x1F, 0x6D, 0x22, 0x18, 0x0D, 0x24, 0x08, 0x4C,
    0xC3, 0xAC, 0x4D, 0x6C, 0xC0, 0x85, 0xAE, 0x52, 0x3D, 0xB5, 0x72, 0x21,
    0xA5, 0xB7, 0xE3, 0xD4, 0x13, 0x53, 0xE5, 0x63, 0xF5, 0x29, 0xBA, 0x75,
    0x3E, 0x19, 0x24, 0xA2, 0xE1, 0xBD, 0xE1, 0x8C, 0x0E, 0xD0, 0xED, 0x7D,
    0x79, 0xA8, 0xC2, 0xDB, 0xC7, 0x0E, 0xA8, 0x0C, 0x0B, 0x65, 0x6F, 0x9F,
    0x58, 0x3C, 0x15, 0xEB, 0xF3, 0x41, 0xA4, 0xBF, 0x63, 0x62, 0x15, 0x8C,
    0x0E, 0x39, 0xBD, 0x11, 0x65, 0x45, 0x6D, 0x94, 0xE4, 0xB5, 0x52, 0x5F,
    0x7F, 0xBA, 0x38, 0x39, 0xD8, 0xBC, 0xAD, 0xDE, 0x8B, 0xF4, 0x10, 0x3B,
    0x32, 0x21, 0xC3, 0x6A, 0x19, 0x5E, 0x07, 0x79, 0x0E, 0x2E, 0x35, 0x17,
    0x3B, 0x01, 0x1B, 0x82, 0xFD, 0xD0, 0x6F, 0xE8, 0x62, 0x47, 0x1D, 0x9A,
    0xA9, 0xC8, 0xC2, 0x38, 0x31, 0x5B, 0x99, 0x30, 0xDB, 0x33, 0xA9, 0x5A,
    0xEA, 0x26, 0x35, 0xC5, 0x57, 0xE1, 0x1D, 0x3A, 0x21, 0xA8, 0x1C, 0xB9,
    0x05, 0x2F, 0x16, 0x14, 0x50, 0x2B, 0x86, 0x3D, 0xCC, 0x11, 0x8B, 0x89,
    0x3B, 0xBF, 0xCE, 0x39, 0xBD, 0xD9, 0x3C, 0x19, 0x0B, 0x6F, 0x03, 0xFD,
    0x1A, 0x0E, 0x9F, 0xCC, 0x32, 0xB2, 0x58, 0x0A, 0xCF, 0x71, 0x0E, 0x25,
    0x1E, 0xB6, 0x35, 0x25, 0x47, 0xA2, 0x6D, 0x8B, 0xD1, 0xBA, 0xC3, 0x58,
    0x0C, 0x75, 0xFE, 0x38, 0x6E, 0xE9, 0xFD, 0xDD, 0x62, 0xB7, 0x70, 0x6D,
    0xA1, 0xB7, 0x04, 0xDA, 0xA7, 0xFF, 0x6E, 0x42, 0x84, 0x87, 0xCE, 0x13,
    0xE5, 0x98, 0x35, 0x85, 0x43, 0x8A, 0x49, 0x0B, 0x02, 0x6D, 0xD2, 0xB8,
    0xD9, 0x60, 0x87, 0xC8, 0xC2, 0x50, 0x1A, 0xA2, 0x81, 0xEA, 0x92, 0xD8,
    0xEF, 0x66, 0x85, 0xA6, 0x72, 0x5F, 0x2B, 0x68, 0x03, 0x51, 0x2C, 0xC9,
    0x8C, 0xA1, 0x97, 0x46, 0x67, 0x11, 0xDF, 0xEA, 0xF8, 0x2A, 0x18, 0x1C,
    0x67, 0xDF, 0x33, 0xB8, 0xBB, 0xC2, 0x78, 0x85, 0xD9, 0x92, 0xE6, 0x99,
    0xB2, 0x17, 0x13, 0x37, 0xC3, 0xC9, 0x6F, 0xBD, 0xED, 0xD7, 0x04, 0x5A,
    0xC1, 0xA7, 0x1D, 0x85, 0xCC, 0xCD, 0x99, 0x33, 0x93, 0xCB, 0x3C, 0x13,
    0xF5, 0xE5, 0xF7, 0x89, 0x3D, 0xBA, 0x32, 0x5A, 0xF2, 0x65, 0x69, 0xE4,
    0x45, 0xBA, 0x8E, 0xBC, 0x81, 0x47, 0x00, 0x33, 0x88, 0xB2, 0xF6, 0xE0,
    0x18, 0xA7, 0xA7, 0x3F, 0x2E, 0x8C, 0xA7, 0xB5, 0xAF, 0xDF, 0x0F, 0x2B,
    0xE5, 0x34, 0x3B, 0x5C, 0x7D, 0xBA, 0xB6, 0xD3, 0x6C, 0x02, 0x6D, 0x4F,
    0x1A, 0xA3, 0xC5, 0xE3, 0x70, 0xC6, 0xA4, 0xA6, 0xBD, 0x50, 0xC8, 0x85,
    0x0B, 0x7F, 0x88, 0x06, 0xA8, 0xAB, 0x5B, 0xA8, 0xFE, 0x9E, 0xA7, 0x06,
    0x4D, 0xC2, 0xDF, 0x00, 0xEA, 0x4A, 0x7A, 0x63, 0x92, 0x85, 0x49, 0x06,
    0x2C, 0xEE, 0x86, 0x94, 0x2D, 0xCD, 0x3B, 0xE0, 0x6B, 0x57, 0x34, 0x7A,
    0x41, 0xDE, 0xF7, 0x8F, 0x68, 0xD7, 0x85, 0xFA, 0x69, 0xFE, 0xD8, 0x15,
    0x03, 0x6A, 0xEC, 0x38, 0x1F, 0x81, 0x30, 0x2A, 0x34, 0x68, 0x0E, 0x0F,
    0x88, 0x52, 0x09, 0x82, 0xA5, 0xEF, 0x6B, 0x3E, 0xDA, 0x5B, 0xA7, 0x8B,
    0x31, 0xC1, 0xDF, 0x66, 0x59, 0xAF, 0xDD, 0x32, 0x48, 0xBA, 0x44, 0x56,
    0x8A, 0xB6, 0x09, 0x43, 0x28, 0x03, 0x42, 0xBF, 0x36, 0xFC, 0x83, 0xFB,
    0x57, 0x74, 0x30, 0x26, 0x68, 0x9F, 0x9A, 0x5A, 0x70, 0xEC, 0x8D, 0xAE,
    0xB1, 0x62, 0x55, 0x7B, 0x40, 0xA4, 0xDB, 0xA4, 0xE2, 0x94, 0xA9, 0x2C,
    0xF3, 0xA1, 0x48, 0xEF, 0xBC, 0x80, 0xBB, 0x32, 0x3C, 0x0F, 0xF5, 0xAE,
    0x72, 0x08, 0x3F, 0x0A, 0xFA, 0x54, 0x02, 0xB0, 0x4E, 0x86, 0x04, 0x0E,
    0xF0, 0x14, 0x7B, 0xBE, 0x9E, 0x34, 0xB8, 0x99, 0x2B, 0xD0, 0xE0, 0x9E,
    0xB4, 0xBA, 0x13, 0xE3, 0x58, 0xD6, 0xE1, 0xA7, 0xC3, 0xB6, 0x7F, 0xE9,
    0x27, 0x4F, 0xD3, 0x24, 0xC3, 0x68, 0x63, 0x31, 0x59, 0xBB, 0x03, 0xCC,
    0x47, 0x8F, 0xFA, 0x31, 0x5C, 0x58, 0x7D, 0x19, 0xC5, 0x71, 0x54, 0xA1,
    0x47, 0x19, 0x39, 0xB1, 0xDC, 0xA2, 0xAD, 0x48, 0x20, 0x0C, 0x1D, 0x97,
    0x25, 0x73, 0xD6, 0x26, 0x71, 0x4F, 0xC5, 0x90, 0x5A, 0x35, 0xB4, 0x62,
    0xCB, 0xDF, 0x0B, 0xE3, 0x68, 0x9E, 0xEA, 0xF1, 0x89, 0x6F, 0x45, 0xC7,
    0xAB, 0x79, 0x61, 0x55, 0x8E, 0xD1, 0x5B, 0x9B, 0xE0, 0x06, 0x7C, 0xAA,
    0x54, 0xD6, 0x21, 0x5B, 0x2A, 0x27, 0xAB, 0x9A, 0x8E, 0xE9, 0xF3, 0xEB,
    0xEA, 0x75, 0x97, 0x5E, 0x59, 0x2D, 0x30, 0xD9, 0x5F, 0xC6, 0x68, 0x1E,
    0x75, 0x9E, 0x8E, 0x48, 0x59, 0x96, 0x8C, 0xF8, 0xDE, 0x16, 0x03, 0xFA,
    0xA3, 0xC8, 0x99, 0xCC, 0x71, 0xA0, 0x3A, 0x9D, 0xA4, 0x21, 0x49, 0x94,
    0x4A, 0xE1, 0xA0, 0x92, 0x6F, 0xB3, 0x11, 0x1B, 0xE6, 0x20, 0x8C, 0x0D,
    0x05, 0xBB, 0xC8, 0x9A, 0xF1, 0x4E, 0x3B, 0xD0, 0x86, 0x2A, 0x45, 0x29,
    0xE5, 0xDD, 0xBB, 0xBB, 0x5D, 0x7D, 0xAE, 0xA8, 0x5C, 0x30, 0x49, 0x79,
    0x08, 0x64, 0xE9, 0x13, 0x8B, 0x11, 0xB4, 0x85, 0x39, 0x3F, 0xCB, 0x47,
    0x5F, 0x4C, 0xA2, 0x18, 0x19, 0x7E, 0x22, 0xD2, 0x6E, 0x8A, 0x0A, 0xE6,
    0x9D, 0x73, 0x8C, 0x0D, 0x3E, 0x73, 0x65, 0x30, 0x70, 0xB8, 0xE1, 0xD9,
    0xDF, 0x54, 0x09, 0xFD, 0xCC, 0xCB, 0xF8, 0xAE, 0x45, 0x1D, 0xBC, 0x2E,
    0xEF, 0xC8, 0xCB, 0x04, 0xE7, 0xAD, 0xB1, 0x25, 0xFD, 0x7E, 0x6F, 0x44,
    0x90, 0x7A, 0xD4, 0xC7, 0x26, 0x6A, 0xE7, 0xBD, 0xC2, 0x12, 0xC8, 0x07,
    0xD7, 0x6F, 0xE7, 0xC3, 0xCA, 0x0D, 0x90, 0x4F, 0xE9, 0x87, 0x4D, 0x5B,
    0xC2, 0x7A, 0xEC, 0x3E, 0x49, 0x80, 0xCF, 0xB5, 0xF7, 0x23, 0xC3, 0xCC,
    0xD5, 0xE4, 0xF5, 0x7C, 0x29, 0xA8, 0xF3, 0xA3, 0x2A, 0x80, 0xE4, 0x1D,
    0x00, 0xAD, 0xA3, 0xC1, 0xD7, 0x76, 0x80, 0x03, 0x14, 0x05, 0xB8, 0xC8,
    0xB7, 0xE2, 0x63, 0x0F, 0xCE, 0x4C, 0xB5, 0x89, 0x8C, 0xDA, 0x13, 0x0E,
    0x85, 0xE3, 0xED, 0xBB, 0x39, 0xE5, 0xD8, 0x29, 0xA2, 0xCE, 0x22, 0x1C,
    0xBE, 0x56, 0xF4, 0x5F, 0x66, 0x92, 0x36, 0x41, 0x15, 0x32, 0x6C, 0x62,
    0x65, 0x9F, 0xAB, 0x48, 0x06, 0xD0, 0xB7, 0x7F, 0xA8, 0x8A, 0x40, 0x5F,
    0x15, 0x11, 0xF0, 0x95, 0x4D, 0x7B, 0xA1, 0x6A, 0x83, 0x73, 0xD1, 0x89,
    0x52, 0x5D, 0x17, 0x94, 0x4E, 0xD6, 0x23, 0x27, 0xAD, 0x00, 0x7C, 0xA7,
    0x4E, 0x68, 0x74, 0xBA, 0x4A, 0x52, 0xD7, 0xE8, 0x2E, 0xCC, 0x0A, 0x42,
    0x24, 0xC1, 0xE4, 0x13, 0x78, 0x3D, 0xE0, 0x94, 0x8D, 0x79, 0xAD, 0xB6,
    0xFB, 0x2C, 0xDF, 0xB5, 0xFC, 0x7F, 0x84, 0xAF, 0x98, 0x65, 0x02, 0xAE,
    0x67, 0x7B, 0x53, 0xD7, 0x1B, 0x4F, 0xE9, 0x7D, 0x2F, 0xE6, 0xE3, 0x0E,
    0x82, 0xC2, 0xEF, 0x26, 0x0B, 0x7F, 0x0C, 0xAB, 0x16, 0xEF, 0x14, 0xD8,
    0xA7, 0xB4, 0xB6, 0xDF, 0xC3, 0x52, 0xAF, 0xA5, 0x86, 0xC4, 0x9F, 0xFD,
    0x42, 0x8A, 0x98, 0x22, 0x0D, 0x65, 0x66, 0x64, 0x6B, 0xF3, 0x3E, 0x1C,
    0xEA, 0xCF, 0x00, 0x79, 0xFD, 0x18, 0x9C, 0x5A, 0xB0, 0x81, 0x9F, 0x1C,
    0xA6, 0x80, 0x10, 0xB0, 0x44, 0x97, 0x2B, 0xE4, 0x56, 0x8F, 0xAB, 0x23,
    0xD9, 0x2C, 0x36, 0x17, 0xF2, 0x1C, 0x6B, 0xB3, 0x80, 0xEA, 0x1D, 0xD2,
    0xC4, 0xEA, 0x60, 0xD6, 0x1B, 0x80, 0x69, 0xB2, 0x34, 0x89, 0xFA, 0x40,
    0x30, 0x8C, 0xB9, 0xC2, 0x89, 0x55, 0x2D, 0xC3, 0x32, 0x35, 0x96, 0x00,
    0x16, 0xDB, 0xF7, 0x72, 0xF7, 0x1C, 0xB3, 0x66, 0x0E, 0xC8, 0xFD, 0x74,
    0xFA, 0xFD, 0xE0, 0xFA, 0x47, 0x1E, 0xC0, 0x50, 0xB3, 0x20, 0x86, 0x6D,
    0x05, 0x98, 0xFC, 0x49, 0xDF, 0xE0, 0xB7, 0xFB, 0x28, 0x17, 0xD1, 0x99,
    0xAF, 0x45, 0x97, 0x31, 0x0D, 0x59, 0xC0, 0x0C, 0xD9, 0x91, 0x97, 0x87,
    0x78, 0x51, 0x7D, 0xE1, 0x63, 0x78, 0x3E, 0x96, 0xA4, 0xFC, 0x75, 0xF4,
    0x4F, 0xEE, 0x13, 0x17, 0xCF, 0xDD, 0xCA, 0x87, 0x8A, 0x67, 0x36, 0x5C,
    0x63, 0x1B, 0xF3, 0xC3, 0x2B, 0x0D, 0xD3, 0x72, 0x69, 0xF6, 0x93, 0xAF,
    0x1C, 0xD2, 0x05, 0xB7, 0xDC, 0x33, 0xDB, 0xC1, 0xDA, 0xEA, 0x5B, 0x83,
    0xF7, 0xAE, 0x37, 0x2E, 0xAA, 0x51, 0x83, 0xB7, 0xE9, 0x3D, 0x74, 0xDD,
    0x57, 0xBC, 0xE5, 0x82, 0xC5, 0x44, 0xB3, 0xF5, 0x48, 0xD6, 0x1A, 0x4D,
    0xC2, 0x59, 0xE6, 0xD9, 0x46, 0x03, 0x33, 0xEA, 0x41, 0x0A, 0x5D, 0x3D,
    0xD7, 0xFD, 0x4E, 0x27, 0xBA, 0x2B, 0x93, 0x1B, 0xD5, 0x8E, 0x47, 0xB5,
    0x7D, 0x1B, 0x65, 0xC6, 0x66, 0x30, 0x66, 0x0C, 0x93, 0x1F, 0x62, 0x4B,
    0x2B, 0xC3, 0xD5, 0xFB, 0xBD, 0xFE, 0xB2, 0xC9, 0x9F, 0xE2, 0x96, 0xDD,
    0x88, 0xB6, 0x23, 0x7E, 0xE9, 0x69, 0xBA, 0xBE, 0xAB, 0x7F, 0xE6, 0x9F,
    0xE3, 0x19, 0xE2, 0xC5, 0x77, 0x95, 0xC2, 0x35, 0xA3, 0x03, 0x42, 0x79,
    0xDB, 0x98, 0x91, 0xCA, 0xEE, 0xFB, 0xFB, 0x80, 0x1F, 0xC5, 0x4A, 0x06,
    0xBB, 0x3D, 0xCB, 0xD7, 0x83, 0x13, 0xDC, 0x10, 0xD6, 0x8F, 0x67, 0x7D,
    0x0C, 0x6F, 0x68, 0x26, 0x81, 0x57, 0x02, 0x28, 0x1E, 0x85, 0x46, 0xEC,
    0x09, 0x61, 0xBD, 0x69, 0x01, 0x34, 0x21, 0xDD, 0xF3, 0xBE, 0x26, 0x87,
    0x00, 0xB9, 0x69, 0x34, 0x19, 0xA2, 0x9D, 0x8E, 0xBB, 0xDB, 0x94, 0x02,
    0x00, 0x66, 0xB9, 0x83, 0x8D, 0xCF, 0x61, 0xB5, 0x2D, 0xFF, 0xB8, 0xD2,
    0x11, 0xDE, 0x23, 0x21, 0x19, 0x5E, 0xCD, 0x88, 0xCC, 0x4F, 0xE7, 0x4A,
    0x37, 0x1B, 0xCB, 0xE9, 0xBA, 0x50, 0xEE, 0x40, 0x5D, 0x72, 0xD3, 0x0C,
    0xB5, 0x46, 0x25, 0xF5, 0xA3, 0xA6, 0x44, 0x78, 0x8E, 0x03, 0xC1, 0x6E,
    0x96, 0x1C, 0x12, 0x04, 0x13, 0x9B, 0x33, 0x9F, 0xE9, 0x20, 0xA7, 0xDF,
    0x7F, 0x82, 0x78, 0x16, 0xAE, 0x01, 0xBF, 0xAD, 0x31, 0x3F, 0x0F, 0x58,
    0x42, 0x59, 0x97, 0x07, 0x05, 0x21, 0xDF, 0xA6, 0x6B, 0x1C, 0x96, 0x97,
    0x8D, 0xC5, 0xFD, 0xBF, 0x83, 0xE9, 0xAF, 0xE8, 0x16, 0x36, 0xDD, 0xB9,
    0x44, 0xA4, 0x2B, 0xD0, 0xBD, 0x6B, 0xE3, 0xA7, 0xF8, 0x06, 0xAC, 0x95,
    0xD2, 0x20, 0xC5, 0x06, 0x27, 0xA0, 0xF1, 0xFF, 0x22, 0x69, 0xF9, 0x17,
    0x97, 0xAF, 0x25, 0x0E, 0x74, 0xC3, 0x2C, 0xFC, 0x3F, 0xD4, 0x4B, 0x5F,
    0xED, 0xE1, 0x0E, 0xB8, 0xC1, 0x20, 0xF2, 0xDD, 0x51, 0x95, 0xAC, 0xBF,
    0xAC, 0x84, 0xC2, 0x2F, 0x0B, 0xE1, 0xE2, 0xD5, 0x75, 0x1E, 0xEF, 0x43,
    0xFD, 0x27, 0x56, 0x25, 0xFD, 0xAA, 0xEE, 0x8F, 0xC0, 0xCD, 0x59, 0x64,
    0xFB, 0x24, 0xFC, 0x1D, 0xF2, 0xF9, 0xAF, 0xE9, 0x68, 0x46, 0xF0, 0x93,
    0x35, 0x97, 0x63, 0x07, 0x08, 0x85, 0xDC, 0x7D, 0x73, 0xE5, 0xDB, 0xCD,
    0x80, 0xE9, 0x2B, 0x5D, 0xFF, 0xE6, 0x95, 0x23, 0x8A, 0xB2, 0x35, 0xCD,
    0xD2, 0xCF, 0x02, 0x32, 0xC4, 0x73, 0xC5, 0x33, 0x7A, 0xE2, 0x5C, 0x53,
    0x76, 0x83, 0x29, 0x2F, 0xC9, 0xF9, 0x74, 0x29, 0x26, 0xF5, 0xF3, 0x8D,
    0x9A, 0xED, 0x4C, 0x3B, 0x73, 0x09, 0xEE, 0xFE, 0x8C, 0xEA, 0x7D, 0x87,
    0x8A, 0xDF, 0x2A, 0xF9, 0x50, 0x43, 0x5B, 0x19, 0xDC, 0x0D, 0x05, 0x21,
    0xB7, 0xE4, 0x47, 0xAB, 0xAA, 0x5C, 0x18, 0x26, 0xC4, 0xFB, 0xDE, 0xD7,
    0xF0, 0xEE, 0xB6, 0x77, 0x3A, 0x05, 0xBE, 0xEF, 0x3A, 0x99, 0x89, 0xE4,
    0xE0, 0x01, 0x91, 0x3B, 0x19, 0x49, 0x22, 0xB1, 0x44, 0x40, 0x5D, 0x85,
    0x45, 0x22, 0x9F, 0x75, 0x44, 0x30, 0x43, 0x6A, 0x7F, 0xDE, 0x05, 0x39,
    0x2B, 0x7C, 0x8F, 0xF5, 0x42, 0xE0, 0xBE, 0xDC, 0x90, 0xE2, 0x91, 0x99,
    0xA7, 0x3B, 0xA1, 0xAD, 0x7C, 0x50, 0x3B, 0x81, 0x95, 0x54, 0x21, 0x18,
    0xCD, 0x5F, 0x2E, 0xAB, 0x4D, 0x97, 0x09, 0x9D, 0x33, 0x65, 0xEE, 0xC9,
    0x0E, 0xBE, 0x98, 0xD7, 0x74, 0x3C, 0x65, 0x3F, 0x3C, 0x78, 0x28, 0x2A,
    0x62, 0x65, 0x09, 0x1E, 0x63, 0x52, 0x35, 0x05, 0xAB, 0x0D, 0x44, 0x44,
    0x56, 0x70, 0xD1, 0xCA, 0x72, 0x43, 0xD8, 0x0D, 0x9B, 0x45, 0x34, 0xAD,
    0x7F, 0xB9, 0x56, 0xBE, 0xCC, 0xC9, 0x24, 0xAA, 0x55, 0xDC, 0xFA, 0xB3,
    0xE2, 0x00, 0x6D, 0x4F, 0xAD, 0x44, 0xD9, 0x8C, 0x06, 0xEB, 0x07, 0x9E,
    0xC2, 0x77, 0x04, 0x9B, 0xD3, 0xF8, 0xAA, 0x92, 0xF6, 0x3C, 0xA5, 0x55,
    0x92, 0xC2, 0x5D, 0x92, 0x09, 0x87, 0xF4, 0xC0, 0x76, 0x01, 0x0D, 0x96,
    0x31, 0x94, 0xCA, 0xEE, 0x1B, 0x2C, 0xAA, 0xD4, 0xFD, 0x2C, 0x84, 0x12,
    0xAF, 0x2D, 0xF0, 0x2A, 0x42, 0xCC, 0xC5, 0xCE, 0x53, 0x18, 0xF8, 0x57,
    0x43, 0xBF, 0xC9, 0xE8, 0x64, 0xEA, 0x21, 0x4A, 0xF3, 0x81, 0xC9, 0x76,
    0x44, 0x32, 0xE3, 0xFA, 0xA1, 0x75, 0xEB, 0xF2, 0x44, 0x25, 0xFA, 0xCC,
    0xB9, 0xD3, 0x13, 0x51, 0x24, 0x2A, 0x67, 0x1B, 0x8C, 0xF7, 0x04, 0xF1,
    0xA3, 0x75, 0xA3, 0xDB, 0x43, 0xBA, 0xE3, 0x16, 0xA5, 0x81, 0x23, 0x80,
    0xC4, 0xBE, 0x98, 0xC7, 0x9B, 0xB3, 0xB9, 0xA1, 0xD2, 0x61, 0x5D, 0x47,
    0x17, 0xDF, 0x9F, 0x09, 0xC1, 0xAF, 0x24, 0x61, 0x17, 0x96, 0x50, 0xFC,
    0x0C, 0x4E, 0xEF, 0xB4, 0xB9, 0xEA, 0xD8, 0xF0, 0x1D, 0x04, 0x1D, 0x47,
    0x88, 0xFB, 0xA6, 0xC8, 0x51, 0x4D, 0x52, 0x67, 0xB0, 0xB8, 0xF8, 0x91,
    0x28, 0x94, 0x2A, 0xCF, 0x70, 0xD2, 0xDE, 0x07, 0x8A, 0xB8, 0x24, 0x81,
    0x75, 0xB0, 0xB5, 0x40, 0x75, 0x94, 0xEF, 0x7F, 0x54, 0x2A, 0x65, 0x10,
    0x67, 0x46, 0x22, 0xA8, 0x14, 0x8A, 0x52, 0x28, 0x47, 0x12, 0xFA, 0xDD,
    0x16, 0xB5, 0x78, 0xA6, 0x8D, 0x4A, 0xDF, 0x1E, 0x85, 0xA2, 0x71, 0x85,
    0xA0, 0x82, 0x61, 0xFE, 0xAC, 0x12, 0x58, 0x13, 0x81, 0x61, 0xE5, 0x6E,
    0x27, 0x24, 0x28, 0x7C, 0x58, 0x21, 0xAA, 0xD1, 0xCD, 0x53, 0x41, 0xE5,
    0xA0, 0x46, 0x56, 0x3F, 0x04, 0xEF, 0x47, 0x6C, 0xBD, 0x38, 0x12, 0xD8,
    0xF3, 0x12, 0x72, 0x96, 0xC6, 0xCB, 0xD9, 0xD8, 0x67, 0xF3, 0x81, 0xFD,
    0x49, 0x3B, 0xCE, 0x81, 0x0F, 0xE4, 0x45, 0x1F, 0x00, 0x91, 0x1E, 0x30,
    0x29, 0x3C, 0xD8, 0x76, 0x8F, 0xD7, 0x0B, 0x9B, 0x66, 0x97, 0xC7, 0x9E,
    0xB7, 0x76, 0x45, 0x3D, 0xA0, 0x77, 0x54, 0xDB, 0x5A, 0x8A, 0x88, 0x0A,
    0x09, 0xC6, 0xC9, 0x26, 0x0D, 0x3D, 0xA0, 0x86, 0xE5, 0xCD, 0xF2, 0x56,
    0x08, 0x21, 0x8B, 0x6A, 0xBA, 0x45, 0xD2, 0x18, 0x35, 0x2B, 0x99, 0x1F,
    0x83, 0xC3, 0x9C, 0x86, 0xD7, 0x82, 0xEA, 0xC8, 0x0F, 0x4C, 0xE7, 0xD8,
    0x6D, 0x52, 0x91, 0xAD, 0x6B, 0xC1, 0xF5, 0xC2, 0x85, 0x7C, 0x58, 0xA2,
    0xE3, 0x99, 0x23, 0x53, 0x07, 0xDC, 0x47, 0xB8, 0xD9, 0x65, 0xDB, 0x6B,
    0xC6, 0xC3, 0xF7, 0x08, 0x65, 0xBA, 0xE2, 0x68, 0x6F, 0xCE, 0x04, 0x20,
    0x97, 0x7B, 0x5C, 0xCF, 0x81, 0x2D, 0x48, 0x3D, 0xE7, 0x30, 0x6A, 0x35,
    0x4E, 0x8B, 0xB9, 0xB7, 0x8A, 0xFA, 0xF9, 0xAE, 0xF5, 0x73, 0x9B, 0xB8,
    0xDE, 0xF5, 0x51, 0x89, 0x1D, 0xD9, 0xC9, 0x03, 0x28, 0x52, 0xCA, 0x1C,
    0x76, 0x32, 0x40, 0xEF, 0x63, 0xC2, 0x5A, 0x2C, 0xCA, 0xC6, 0xEB, 0xFB,
    0x6B, 0xE5, 0x6F, 0x9E, 0xA9, 0x1D, 0x47, 0xB0, 0x48, 0xFA, 0x0D, 0xA1,
    0x25, 0xE2, 0x99, 0xD8, 0xCE, 0xCB, 0x95, 0x59, 0x27, 0xC5, 0x22, 0xF0,
    0xCA, 0x21, 0x8E, 0xBD, 0x1A, 0x5D, 0x34, 0x75, 0x8C, 0x23, 0xD9, 0xE0,
    0x53, 0x71, 0x6D, 0xE7, 0xA9, 0x35, 0x3D, 0x6C, 0xCE, 0xD1, 0xB5, 0x14,
    0xA0, 0xF5, 0x2F, 0xBF, 0x6F, 0xF7, 0xBF
};
// NOLINTBEGIN
